_Id,_Name,_Opentime,_Toldescribe,_Description,_Tel,_Zone,_Zipcode,_Add,_Level,_Parkinginfo,_Parkinginfo_px,_Parkinginfo_py,_Ticketinfo,_Remarks,_Keyword,_Travellinginfo,_Picture1,_Picdescribe1,_Picture2,_Picdescribe2,_Picture3,_Picdescribe3,_Map,_Gov,_Px,_Py,_Orgclass,_Class1,_Class2,_Class3,_Website,_Changetime
C1_376600000A_000001,月桃故事館,週一 ~ 週日   08:30–17:00,月桃，對我們公司創辦人何勇魏先生有很深刻的意義，在民國40幾年，他未上學之前即砍月桃賣錢;月桃整株都可被應用，葉子可作為包粽子及食材，並可萃取成加工的材料;葉鞘可做為繩索的材料，早年漁民做魚網的材料，花可以做為食品香料;種子又叫為土砂仁，是做仁丹的主要原料;塊根亦可做為食品香料及漢藥材等&hellip;月桃有很強的生命力，再壞的環境亦能生長，不論鄉峭壁、在海邊都可看到它的蹤影，它整株都有被創造利用的價值，就像我們台灣人一樣落地生根，聰明勤奮有智慧，只是缺少被發現而已。隨著科技的進步，利用CO2超臨界萃取技術發現月桃有多種寶貴成分，華實公司累積30餘年日用品及保養品的開發能力，投資超臨界、水萃及10000級無塵室生產研發設備，並與嘉義大學、嘉南藥理科技大學、嘉創中心、財團法人金屬中心等單位產學合作，開發月桃系列產口或應用各種本土特色植物的產品，並進而讓民眾認識這些特色植物生態故事，將創新經濟,月桃，對我們公司創辦人何勇魏先生有很深刻的意義，在民國40幾年，他未上學之前即砍月桃賣錢;月桃整株都可被應用，葉子可作為包粽子及食材，並可萃取成加工的材料;葉鞘可做為繩索的材料，早年漁民做魚網的材料，花可以做為食品香料;種子又叫為土砂仁，是做仁丹的主要原料;塊根亦可做為食品香料及漢藥材等&hellip;月桃有很強的生命力，再壞的環境亦能生長，不論鄉峭壁、在海邊都可看到它的蹤影，它整株都有被創造利用的價值，就像我們台灣人一樣落地生根，聰明勤奮有智慧，只是缺少被發現而已。隨著科技的進步，利用CO2超臨界萃取技術發現月桃有多種寶貴成分，華實公司累積30餘年日用品及保養品的開發能力，投資超臨界、水萃及10000級無塵室生產研發設備，並與嘉義大學、嘉南藥理科技大學、嘉創中心、財團法人金屬中心等單位產學合作，開發月桃系列產口或應用各種本土特色植物的產品，並進而讓民眾認識這些特色植物生態故事，將創新經濟,886-5-2766399,,60079,嘉義市東區保忠一街359號,,,,,,,,,https://travel.chiayi.gov.tw/upload/travels/341bec3c4afde8d62912dbf3c8fe1c4c.jpg,月桃故事館,,,,,,376600000A,120.4484736,23.5125516,,1,,,https://www.sgsh.com.tw/,2018/12/19 09:45:28
C1_376600000A_000002,蘭潭音樂噴泉,全年無休,蘭潭噴泉配合燈光音樂，共設計8場精彩的「秀」，包含35道水柱、一柱擎天、海鷗水舞、麻花旋轉、左右搖擺、皇冠水舞、拱門噴泉及左右搖擺水舞等，最大噴水高度可達50公尺，鄰旁還有造型優雅的月影潭心，搭配蘭潭風景區夜晚靜謐氛圍，絕對是視覺及聽覺的雙重饗宴。,蘭潭噴泉配合燈光音樂，共設計8場精彩的「秀」，包含35道水柱、一柱擎天、海鷗水舞、麻花旋轉、左右搖擺、皇冠水舞、拱門噴泉及左右搖擺水舞等，最大噴水高度可達50公尺，鄰旁還有造型優雅的月影潭心，搭配蘭潭風景區夜晚靜謐氛圍，絕對是視覺及聽覺的雙重饗宴。,886-5-2744019,,,嘉義市東區小雅路,,,,,,,,,https://travel.chiayi.gov.tw/upload/travels/d9a62ff707d39926bfdd35956736ba2e.jpg,蘭潭音樂噴泉,,,,,,376600000A,120.480081,23.46585,,1,,,,2018/12/19 21:06:23
C1_376600000A_000003,檜意森活村,週一 ~ 週日   10:00–18:00 ,阿里山森林鐵路起點為本市北門驛，因此本市稱為阿里山入口門戶；早期阿里山森林鐵路運送下山的木材聚集於本市，促使北門驛周邊木材行及製材工廠生意的蓬勃，形成當時繁榮景象，也帶動附近商業發展。當時周邊所建築的日式房舍，建材皆使用檜木，是日式建築的一大特色，也是阿里山林業發展的歷史見證。歷時4年、耗資4億、全臺灣第一個森林文創園區-嘉義檜意森活村，於2014年&shy;1月1日至3月23日試營運，包含文創市集、31號書店、戀戀北門人文餐飲、老楊五村、並木館&shy;以及由一心二葉館化身成為的森‧Market都精彩登場。檜意森活村試營運範圍將以林森東路兩側的園區範圍為主，整個園區占地面積3.4公頃，營運內容有主題書店、森‧Market&shy;農業精品、文創市集、木創館、精品水果名產館等。由一心二葉館轉型的「森‧Market」與全台超過100個品牌與農會合作，在館內&shy;提供由產地直送的優質良品，,阿里山森林鐵路起點為本市北門驛，因此本市稱為阿里山入口門戶；早期阿里山森林鐵路運送下山的木材聚集於本市，促使北門驛周邊木材行及製材工廠生意的蓬勃，形成當時繁榮景象，也帶動附近商業發展。當時周邊所建築的日式房舍，建材皆使用檜木，是日式建築的一大特色，也是阿里山林業發展的歷史見證。歷時4年、耗資4億、全臺灣第一個森林文創園區-嘉義檜意森活村，於2014年&shy;1月1日至3月23日試營運，包含文創市集、31號書店、戀戀北門人文餐飲、老楊五村、並木館&shy;以及由一心二葉館化身成為的森‧Market都精彩登場。檜意森活村試營運範圍將以林森東路兩側的園區範圍為主，整個園區占地面積3.4公頃，營運內容有主題書店、森‧Market&shy;農業精品、文創市集、木創館、精品水果名產館等。由一心二葉館轉型的「森‧Market」與全台超過100個品牌與農會合作，在館內&shy;提供由產地直送的優質良品，,886-5-2761601,,,嘉義市東區林森東路1號,,,,,,,,,https://travel.chiayi.gov.tw/upload/travels/21f08a8df4c9accdf5b986caf1efa70b.jpg,檜意森活村,,,,,,376600000A,120.4539554,23.4862583,,1,,,http://www.hinokivillage.com.tw/,2018/12/19 23:53:04
C1_376600000A_000004,動力室木雕作品展示館 (整修中),週三 ~ 週日   09:00–12:00、13:30–16:30,前身是嘉義市最早的火力發電廠，也是嘉義市第一座鋼骨鋼筋混凝土(SRC) 構造建築，於1913年完工，是臺早期運用新式建築技術建造，為罕見的挑高大跨距建築；目前此歷史建築係整建再利用做為木雕展示空間。,前身是嘉義市最早的火力發電廠，也是嘉義市第一座鋼骨鋼筋混凝土(SRC) 構造建築，於1913年完工，是臺早期運用新式建築技術建造，為罕見的挑高大跨距建築；目前此歷史建築係整建再利用做為木雕展示空間。,886-5-2771348,,60081,嘉義市東區林森西路4號,,,,,,,,,https://travel.chiayi.gov.tw/upload/travels/4186464ad605140b22ab057b70301f71.JPG,動力室木雕作品展示館 (整修中),,,,,,376600000A,120.4526392,23.4856281,,1,,,,2018/12/19 13:18:25
C1_376600000A_000005,阿里山森林鐵路車庫園區,週一 ~ 週日   08:00–18:00,宛如大型火車生態博物館，可近距離觸摸數台退役蒸汽火車、柴油機車、動力客車、客貨車廂以及方便火車頭變換方向的圓形轉車台等，是鐵道迷絕不能錯過的火車寶庫。,宛如大型火車生態博物館，可近距離觸摸數台退役蒸汽火車、柴油機車、動力客車、客貨車廂以及方便火車頭變換方向的圓形轉車台等，是鐵道迷絕不能錯過的火車寶庫。,886-5-2787006,,,嘉義市東區林森西路2號,,,,,,,,,https://travel.chiayi.gov.tw/upload/travels/c6364cd98de57a430f594014d60aa9b1.jpg,阿里山森林鐵路車庫園區,,,,,,376600000A,120.452489,23.486195,,1,,,http://culturalpark.forest.gov.tw/ali_space.aspx,2018/12/19 22:21:57
C1_376600000A_000006,二二八紀念公園,隨時,二二八事件是台灣近代史上最重要的的大事。在嘉雲南地區象徵族群融合的第一座二二八紀念公園，歷經兩年多的規劃與興建，終於在距一九四七年【二二八事件】發生後四十九年，民國八十五年二月二十八日落成啟用，實令人感念與無限哀思。,二二八事件是台灣近代史上最重要的的大事。在嘉雲南地區象徵族群融合的第一座二二八紀念公園，歷經兩年多的規劃與興建，終於在距一九四七年【二二八事件】發生後四十九年，民國八十五年二月二十八日落成啟用，實令人感念與無限哀思。,886-5-2744019,,,嘉義市東區大雅路二段695號,,,,,,,,,https://travel.chiayi.gov.tw/upload/travels/8a421de4c7b49bb4b45acdf1efc11a7a.jpg,二二八紀念公園,,,,,,376600000A,120.462425,23.476663,,1,,,,2018/12/19 19:01:47
C1_376600000A_000007,森林之歌,24小時,嘉義市林業廊帶中的新地標-森林之歌，是藝術家王文志老師的作品，運用林務局提供之木材、鐵軌、黃藤及石材等素材製作，重現嘉義「木材之都」榮景。設計意象上乃是以高聳神木及阿里山火車鐵軌為主題，塑造出一處清靜的心靈高塔-條狀木頭環繞主體，猶如神木蟠踞萬仞，擁抱雲霄；大量綑綁的木段，堆疊出高塔狀，呼喚嘉義輝煌林業景象；銅材編織圓頂，露出天際雲彩，提供民眾仰望日月；藤材編織走道，藉此進出主體，彷彿穿越山洞妙境；底部鋼架石籠環繞，與山林土壤緊繫的生態關係，襯托出平地森林的特殊環境。,嘉義市林業廊帶中的新地標-森林之歌，是藝術家王文志老師的作品，運用林務局提供之木材、鐵軌、黃藤及石材等素材製作，重現嘉義「木材之都」榮景。設計意象上乃是以高聳神木及阿里山火車鐵軌為主題，塑造出一處清靜的心靈高塔-條狀木頭環繞主體，猶如神木蟠踞萬仞，擁抱雲霄；大量綑綁的木段，堆疊出高塔狀，呼喚嘉義輝煌林業景象；銅材編織圓頂，露出天際雲彩，提供民眾仰望日月；藤材編織走道，藉此進出主體，彷彿穿越山洞妙境；底部鋼架石籠環繞，與山林土壤緊繫的生態關係，襯托出平地森林的特殊環境。,886-5-2254321,,,嘉義市東區文化路,,,,,,,,,https://travel.chiayi.gov.tw/upload/travels/054ad8775dca9bf94372ef3523158a60.jpg,森林之歌,,,,,,376600000A,120.448254,23.486649,,1,,,,2018/12/19 21:48:49
C1_376600000A_000008,北門驛,週日、一   08:00–16:00,北門驛是森林鐵路蒸氣小火車昔日的起點，也是阿里山鐵路貨運集散地，阿里山鐵路沿線的民生物資都由此運上山，地位重要。阿里山森林鐵路為世界文明高山鐵路之一，具有獨特的魅力。阿里山森林鐵路－北門驛，是由台灣紅檜木建造的，在西元1912年阿里山鐵路全線通車前興建完成。舊北門車站在二十年前興建新站後，即轉為車廂檢修人員之辦公室。本站面積約28坪，主要分為辦公室、票房、候車室三部分。阿里山森林鐵路因有「螺旋狀鐵道」、「Ｚ字型爬升」、「千分之 62.5爬坡」等罕見的特色而聞名國際。北門驛係阿里山鐵路的起點車站，車站建築全部使用阿里山的高級紅檜建材，造型古典雅樸。日治時期，林業開發為最重要的經濟來源，北門驛附近有林業辦公廳舍、貯木池、製材所、火車修理廠、營林俱樂部等機關設立，木材產業使用功能完整，北門驛成為阿里山砍伐木材的集散中心，地位重要。戰前由台灣拓殖株式會社經營，戰後改隸林務局。民國 62年10月，北,北門驛是森林鐵路蒸氣小火車昔日的起點，也是阿里山鐵路貨運集散地，阿里山鐵路沿線的民生物資都由此運上山，地位重要。阿里山森林鐵路為世界文明高山鐵路之一，具有獨特的魅力。阿里山森林鐵路－北門驛，是由台灣紅檜木建造的，在西元1912年阿里山鐵路全線通車前興建完成。舊北門車站在二十年前興建新站後，即轉為車廂檢修人員之辦公室。本站面積約28坪，主要分為辦公室、票房、候車室三部分。阿里山森林鐵路因有「螺旋狀鐵道」、「Ｚ字型爬升」、「千分之 62.5爬坡」等罕見的特色而聞名國際。北門驛係阿里山鐵路的起點車站，車站建築全部使用阿里山的高級紅檜建材，造型古典雅樸。日治時期，林業開發為最重要的經濟來源，北門驛附近有林業辦公廳舍、貯木池、製材所、火車修理廠、營林俱樂部等機關設立，木材產業使用功能完整，北門驛成為阿里山砍伐木材的集散中心，地位重要。戰前由台灣拓殖株式會社經營，戰後改隸林務局。民國 62年10月，北,886-5-2768094,,,嘉義市東區共和路428號,,,,,,,,,https://travel.chiayi.gov.tw/upload/travels/3fb773abc42bd0fea71011272d73736e.jpg,北門驛,,,,,,376600000A,120.4546276,23.4872999,,1,,,,2018/12/19 22:43:37
C1_376600000A_000009,嘉義市立博物館,週二至週日上午9：00～17：00,完整呈現極具深度的嘉義巿位於文化中心園區的市立博物館，負責相關文物的蒐藏、研究、展示與教育。在固定展示方面，規劃有地質廳、化石廳與陳澄波紀念室。而特別展示空間三處，不定期換檔展出，另設置交趾陶工坊與研習教室，以符需求。嘉義市立博物館以在地的「地質、化石、美術」為主軸，探索嘉義位於北回歸線的科學定義與飄移變化，以及介紹相關山脈與地震；美術廳設有前輩畫家陳澄波紀念區，並策畫當代藝術主題；化石廳主要展示嘉義出土的海生及陸生生物化石。．開放時間週二至週日上午9：00～17：00,完整呈現極具深度的嘉義巿位於文化中心園區的市立博物館，負責相關文物的蒐藏、研究、展示與教育。在固定展示方面，規劃有地質廳、化石廳與陳澄波紀念室。而特別展示空間三處，不定期換檔展出，另設置交趾陶工坊與研習教室，以符需求。嘉義市立博物館以在地的「地質、化石、美術」為主軸，探索嘉義位於北回歸線的科學定義與飄移變化，以及介紹相關山脈與地震；美術廳設有前輩畫家陳澄波紀念區，並策畫當代藝術主題；化石廳主要展示嘉義出土的海生及陸生生物化石。．開放時間週二至週日上午9：00～17：00,886-5-2780303,,600,嘉義市東區忠孝路275-1號,,,,,,,,,https://travel.chiayi.gov.tw/upload/travels/9522ee75d0755ea996d83e3b8c0dfb0b.jpg,嘉義市立博物館,,,,,,376600000A,120.4515209,23.4869859,,1,,,,2018/12/19 22:40:00
C1_376600000A_000010,獄政博物館(嘉義舊監獄),週二至週日，團進團出/每日9:30、10:30、13:30、14:30解說員帶領入內參觀,世界唯一原地保存的賓夕凡尼亞式監獄建築－嘉義舊監獄嘉義監獄於大正11年(1922)竣工啟用，名稱為台南監獄嘉義支監，西元1924年改稱為台南刑務所嘉義支所。西元1945年後，稱為第三監獄第一分監，民國36年改稱為台灣嘉義監獄，至83年3月搬遷至鹿草鄉，舊監改設為嘉義監獄嘉義分監。內部各項設施保存良好，完整的硬體與器物能提供法制教育與人權演進活教材，以及獄政發展櫥窗等多元功用。嘉義分監之建築形式、空間設計、構造工法均具特色，其扇形放射狀的中央台掌控系統，符合獄犯收封管制之理想原型，工場與舍房挑高，並以不同型式的氣窗設計，能滿足通風、採光、防潮，以及空中巡邏等需求，而門窗、壁板材料均使用阿里山的檜木，特別要求堅固、耐用、防逃等專業施工，具有保存價值，雖經多次修建，廟體原貌未失，彩繪、石雕、 木雕、泥塑、脊飾頗為精緻，龍蟠虎踞，雕樑畫棟，氣勢雄偉。,世界唯一原地保存的賓夕凡尼亞式監獄建築－嘉義舊監獄嘉義監獄於大正11年(1922)竣工啟用，名稱為台南監獄嘉義支監，西元1924年改稱為台南刑務所嘉義支所。西元1945年後，稱為第三監獄第一分監，民國36年改稱為台灣嘉義監獄，至83年3月搬遷至鹿草鄉，舊監改設為嘉義監獄嘉義分監。內部各項設施保存良好，完整的硬體與器物能提供法制教育與人權演進活教材，以及獄政發展櫥窗等多元功用。嘉義分監之建築形式、空間設計、構造工法均具特色，其扇形放射狀的中央台掌控系統，符合獄犯收封管制之理想原型，工場與舍房挑高，並以不同型式的氣窗設計，能滿足通風、採光、防潮，以及空中巡邏等需求，而門窗、壁板材料均使用阿里山的檜木，特別要求堅固、耐用、防逃等專業施工，具有保存價值，雖經多次修建，廟體原貌未失，彩繪、石雕、 木雕、泥塑、脊飾頗為精緻，龍蟠虎踞，雕樑畫棟，氣勢雄偉。,886-5-3621881,,,嘉義市維新路140號,,,,,,,,,https://travel.chiayi.gov.tw/upload/travels/e27b94d3bf9d8139c8ccea8a4f75d5fa.jpg,獄政博物館(嘉義舊監獄),,,,,,376600000A,120.460093,23.487137,,1,,,http://prisonmuseum.moj.gov.tw/mp.asp?mp=1,2018/12/19 23:31:46
C1_376600000A_000011,蘭潭月影潭心,隨時,城市新美學-「月影潭心」展風華蘭潭佔地面積約70公頃，位於嘉義市東郊山仔頂附近，距市區3公里，古稱「紅毛埤」，相傳為300多年前荷蘭人所鑿之埤，故稱「蘭潭」，是嘉義地區自來水主要供應源，腹地廣大，為自然生態資源，風景區的後山範圍有著相當豐富的自然資源，包含多種不同植物與昆蟲等，為嘉義地區著名的旅遊景點。蘭潭「月影潭心」為近期甫建置完成的旅遊新亮點，坐落於嘉義市後花園-蘭潭風景區，是藝術家王文志老師的作品，係由鋁片編織的縷空主題結構，月光下光影幻化，獨特的美姿，如鳥巢構築在潭水之上，呼應周遭樹群鳥隻，充滿自然野趣氣息。以「月影潭心」為設計主題，「月影」代表「泛月」美景，「潭心」為湖心波紋，諧音「談心」則為遊潭閒情，傳達蘭潭之「月、水、遊潭」的地景意象；陶製的底部圓潭水滴，彷彿蘭潭源源不絕水源，延伸出色彩夢幻。中間鳥巢上半部如桃子，象徵嘉義市「桃城」古名；側邊樹巢如火雞尾端般矗立，令人聯想到本,城市新美學-「月影潭心」展風華蘭潭佔地面積約70公頃，位於嘉義市東郊山仔頂附近，距市區3公里，古稱「紅毛埤」，相傳為300多年前荷蘭人所鑿之埤，故稱「蘭潭」，是嘉義地區自來水主要供應源，腹地廣大，為自然生態資源，風景區的後山範圍有著相當豐富的自然資源，包含多種不同植物與昆蟲等，為嘉義地區著名的旅遊景點。蘭潭「月影潭心」為近期甫建置完成的旅遊新亮點，坐落於嘉義市後花園-蘭潭風景區，是藝術家王文志老師的作品，係由鋁片編織的縷空主題結構，月光下光影幻化，獨特的美姿，如鳥巢構築在潭水之上，呼應周遭樹群鳥隻，充滿自然野趣氣息。以「月影潭心」為設計主題，「月影」代表「泛月」美景，「潭心」為湖心波紋，諧音「談心」則為遊潭閒情，傳達蘭潭之「月、水、遊潭」的地景意象；陶製的底部圓潭水滴，彷彿蘭潭源源不絕水源，延伸出色彩夢幻。中間鳥巢上半部如桃子，象徵嘉義市「桃城」古名；側邊樹巢如火雞尾端般矗立，令人聯想到本,886-5-2248917,,,嘉義市鹿寮里紅毛埤187號之4,,,,,,,,,https://travel.chiayi.gov.tw/upload/travels/7078920f02150f3c5c354a53ab8e7a35.jpg,蘭潭月影潭心,,,,,,376600000A,120.483311,23.459719,,1,,,,2018/12/19 21:58:11
C1_376600000A_000012,射日塔,尚未有資料,全台獨一無二的景觀，連夸父都追不上的射日塔！【射日塔】為最具代表性的嘉義市新地標，在嘉義公園內，民眾只要仰頭看，便能看見一朵巨型豔紫荊花，與藍天相輝映，豔紫荊花為嘉義市巿花，就這樣的透過射日塔照射開來，充分顯示嘉義市花之美！在這座以嘉義市市花為斜頂的圓型建築，原所在地是舊忠烈祠原址，高度 62 公尺的射日塔，爬到第十，十一最高樓層處，可360度眺望諸羅全景，山城美色盡收眼底。入口處有象徵台灣守護神的雲豹銅雕一對，塔的底層是【忠烈祠】，烈士牌位以白色大理石雕成，供民眾參拜。二樓以上為射日塔，為了改變民眾對舊有忠烈祠的刻板印象，這棟建築不論內外都有極大的突破，注入更多人文藝術氣息。．外部造型說明外部造型靈感取自於阿里山神木，其褐色鋁條之紋理似神木之外皮，至中間留有高 40 公尺的【一線天】，有如劈開之神木，頂層規劃為咖啡廳及眺望塔，民眾可邊品嚐精緻美食，邊細數桃城之美。．內部造型說明內部設有取,全台獨一無二的景觀，連夸父都追不上的射日塔！【射日塔】為最具代表性的嘉義市新地標，在嘉義公園內，民眾只要仰頭看，便能看見一朵巨型豔紫荊花，與藍天相輝映，豔紫荊花為嘉義市巿花，就這樣的透過射日塔照射開來，充分顯示嘉義市花之美！在這座以嘉義市市花為斜頂的圓型建築，原所在地是舊忠烈祠原址，高度 62 公尺的射日塔，爬到第十，十一最高樓層處，可360度眺望諸羅全景，山城美色盡收眼底。入口處有象徵台灣守護神的雲豹銅雕一對，塔的底層是【忠烈祠】，烈士牌位以白色大理石雕成，供民眾參拜。二樓以上為射日塔，為了改變民眾對舊有忠烈祠的刻板印象，這棟建築不論內外都有極大的突破，注入更多人文藝術氣息。．外部造型說明外部造型靈感取自於阿里山神木，其褐色鋁條之紋理似神木之外皮，至中間留有高 40 公尺的【一線天】，有如劈開之神木，頂層規劃為咖啡廳及眺望塔，民眾可邊品嚐精緻美食，邊細數桃城之美。．內部造型說明內部設有取,886-5-2751357,,,嘉義市公園街46號【嘉義公園內】,,,,,,,,,https://travel.chiayi.gov.tw/upload/travels/bb0e59e826410507d9203f2bf6c24d86.jpg,射日塔,,,,,,376600000A,120.468659,23.480021,,1,,,,2018/12/19 22:43:08
C1_376600000A_000013,嘉義鐵道藝術村,尚未有資料,藝術創作與展示場域嘉義鐵道藝術村原為閒置的鐵道倉庫，經由巿府規劃下，於89年9月開始進行「鐵道藝術村」的規劃作業，將其改設為藝術創作與展示的場地，並建立周邊意象與風貌，提供各種創作空間，來進行藝術交流享宴，期望以藝文展演活動為前導，結合地方特色及社區總體營造，實現鐵道藝術村的理想目標。其鐵道倉庫計有倉儲十二間，呈南北走向之長條型多隔間形式建築群，其中七間屬鐵路局貨運服務所管理，室內面積共約775坪，室內與戶外分別規畫為創作、展覽、表演、教育推廣等用途。於鐵道周邊建立藝術的意象與風貌，成為藝術展演的另類空間。,藝術創作與展示場域嘉義鐵道藝術村原為閒置的鐵道倉庫，經由巿府規劃下，於89年9月開始進行「鐵道藝術村」的規劃作業，將其改設為藝術創作與展示的場地，並建立周邊意象與風貌，提供各種創作空間，來進行藝術交流享宴，期望以藝文展演活動為前導，結合地方特色及社區總體營造，實現鐵道藝術村的理想目標。其鐵道倉庫計有倉儲十二間，呈南北走向之長條型多隔間形式建築群，其中七間屬鐵路局貨運服務所管理，室內面積共約775坪，室內與戶外分別規畫為創作、展覽、表演、教育推廣等用途。於鐵道周邊建立藝術的意象與風貌，成為藝術展演的另類空間。,886-5-2327477,,600,嘉義市北興街37-10號,,,,,,,,,https://travel.chiayi.gov.tw/upload/travels/29efe89b4f6dfa0ede37e1ffed91e96c.jpg,嘉義鐵道藝術村,,,,,,376600000A,120.441584,23.481272,,1,,,,2018/12/19 22:47:19
C1_376600000A_000014,行嘉吊橋,尚未有資料,晚霓虹－行嘉吊橋「行嘉吊橋」顧名思義，即為通過嘉義市的一個吊橋，其為2007年為了方便兩岸學童、居民的通學、往來，由全國知名的何明德行善團出錢出力，興建連接興安里與興村里的吊橋。行嘉吊橋擁有一個長達3.1公里為種植台灣欒樹的自行車道，南側則是興仁段的河濱運動公園及親水公園；加上興村段上之河堤生態步道、生態花園及慈玄宮的宗教木雕藝術，到處象徵著嘉義市南區生態休閒空間正逐漸成形。目前嘉義市府為了帶動地方觀光，於是於橋上加裝夜間霓虹燈照明，讓夜幕下的吊橋，在黑夜中似繫戴著長長、閃閃發光的夜明珠項鍊般，格外顯著璀璨耀眼，以不同的夜晚魅力，成為都市藍帶的美麗地標。．歷史小百科行嘉吊橋是嘉義何明德行善團興建之第330座橋且是迄今所興建橋樑中長度最長的，其興建款及人力完全由該團獨自完成。橋於2006年11月 26日動工，2007年9月23日完工，總計歷時10個月，全長297公尺、高33.2公尺、寬1.6,晚霓虹－行嘉吊橋「行嘉吊橋」顧名思義，即為通過嘉義市的一個吊橋，其為2007年為了方便兩岸學童、居民的通學、往來，由全國知名的何明德行善團出錢出力，興建連接興安里與興村里的吊橋。行嘉吊橋擁有一個長達3.1公里為種植台灣欒樹的自行車道，南側則是興仁段的河濱運動公園及親水公園；加上興村段上之河堤生態步道、生態花園及慈玄宮的宗教木雕藝術，到處象徵著嘉義市南區生態休閒空間正逐漸成形。目前嘉義市府為了帶動地方觀光，於是於橋上加裝夜間霓虹燈照明，讓夜幕下的吊橋，在黑夜中似繫戴著長長、閃閃發光的夜明珠項鍊般，格外顯著璀璨耀眼，以不同的夜晚魅力，成為都市藍帶的美麗地標。．歷史小百科行嘉吊橋是嘉義何明德行善團興建之第330座橋且是迄今所興建橋樑中長度最長的，其興建款及人力完全由該團獨自完成。橋於2006年11月 26日動工，2007年9月23日完工，總計歷時10個月，全長297公尺、高33.2公尺、寬1.6,886-5-2294593,,,嘉義市吳鳳南路547巷附近,,,,,,,,,https://travel.chiayi.gov.tw/upload/travels/9ca47619fd03bc7a0fac2b69e9cf39de.jpg,行嘉吊橋,,,,,,376600000A,120.459815,23.461227,,1,,,,2018/12/19 22:34:02
C1_376600000A_000016,圓林仔社區,尚未有資料,純樸自然的歷史保存區－【圓林仔】圓林仔乃是百年前一個在陵地上散聚形的小部落，由紀、黃兩姓家族深根於此。內有百年荔枝樹、百年冷泉等自然資源豐富，在民國92年由荒野保護協會定點觀察發現本地動、植物、虫蛙蝶之多可謂都市邊的世外小桃源。近年來在市政府的輔導下，成立了「圓林仔生態藝術發展協會」，積極從事社區營造的工作，使得擁有百年歷史的荔枝樹、古井、冷泉、古墓等古蹟，得以完整保存，並透過活動的舉辦，讓更多人了解圓林仔這塊美麗的土地。．歷史小百科『圓林仔』命名乃由於地形為一圓籃狀，故有〝 圓籃 〞之稱，現一般稱『圓林仔』，聚落內有圓林仔、灰窯仔、六蕉仔、墓埔等地名稱呼。相關訊息可至FB粉絲頁:https://www.facebook.com/yltzai 查詢,純樸自然的歷史保存區－【圓林仔】圓林仔乃是百年前一個在陵地上散聚形的小部落，由紀、黃兩姓家族深根於此。內有百年荔枝樹、百年冷泉等自然資源豐富，在民國92年由荒野保護協會定點觀察發現本地動、植物、虫蛙蝶之多可謂都市邊的世外小桃源。近年來在市政府的輔導下，成立了「圓林仔生態藝術發展協會」，積極從事社區營造的工作，使得擁有百年歷史的荔枝樹、古井、冷泉、古墓等古蹟，得以完整保存，並透過活動的舉辦，讓更多人了解圓林仔這塊美麗的土地。．歷史小百科『圓林仔』命名乃由於地形為一圓籃狀，故有〝 圓籃 〞之稱，現一般稱『圓林仔』，聚落內有圓林仔、灰窯仔、六蕉仔、墓埔等地名稱呼。相關訊息可至FB粉絲頁:https://www.facebook.com/yltzai 查詢,886-9-28712855,,600,嘉義市東義路566巷,,,,,,,,,https://travel.chiayi.gov.tw/upload/travels/6a9b1d8bedeadd0a68ddcfb91a4cb1af.JPG,圓林仔社區,,,,,,376600000A,120.476568,23.501713,,1,,,,2018/12/19 15:26:49
C1_376600000A_000017,軍輝橋,尚未有資料,「鷺橋跨浪」－昔日的諸羅八景之一每次下過大雨之後，溪水暴漲，兩岸波濤洶湧，就好像萬馬奔騰一樣，非常壯觀，所以「鷺橋跨浪」，就成為二戰後初期（民國37年）所評定的諸羅八景之一了。白鷺橋在建成之後，不但便利了兩岸居民的交通，也逐漸成為嘉義市通往阿里山交通的主要橋樑，行人車輛來往急速的增加。．「軍輝橋」橋名的由來後來白鷺橋在民國四十八年八月七日的大水災中（俗稱八七水災），被洪水沖毀了。然後由當時駐防的國軍官兵擔任重建的工作，最後終於在民國四十九年完工通車，當時為了紀念、感念國軍官兵的辛勞，才將「白鷺橋」改名為「軍輝橋」，這就是軍輝橋橋名的由來。參考資料：嘉義縣志－卷一土地誌嘉義市文獻第八期－八掌溪義渡碑區簡介．歷史小百科．於昭和八年(1933年)的時候（此時為日治時期），由嘉義市役所在這裡新建了一座水泥橋，全長有五百多尺，高七丈多，兩旁設有欄杆，而且橋身全都漆成白灰色的，遠遠看去，就好像是一群白,「鷺橋跨浪」－昔日的諸羅八景之一每次下過大雨之後，溪水暴漲，兩岸波濤洶湧，就好像萬馬奔騰一樣，非常壯觀，所以「鷺橋跨浪」，就成為二戰後初期（民國37年）所評定的諸羅八景之一了。白鷺橋在建成之後，不但便利了兩岸居民的交通，也逐漸成為嘉義市通往阿里山交通的主要橋樑，行人車輛來往急速的增加。．「軍輝橋」橋名的由來後來白鷺橋在民國四十八年八月七日的大水災中（俗稱八七水災），被洪水沖毀了。然後由當時駐防的國軍官兵擔任重建的工作，最後終於在民國四十九年完工通車，當時為了紀念、感念國軍官兵的辛勞，才將「白鷺橋」改名為「軍輝橋」，這就是軍輝橋橋名的由來。參考資料：嘉義縣志－卷一土地誌嘉義市文獻第八期－八掌溪義渡碑區簡介．歷史小百科．於昭和八年(1933年)的時候（此時為日治時期），由嘉義市役所在這裡新建了一座水泥橋，全長有五百多尺，高七丈多，兩旁設有欄杆，而且橋身全都漆成白灰色的，遠遠看去，就好像是一群白,886-5-294593,,,嘉義市省道台18線，跨越八掌溪,,,,,,,,,https://travel.chiayi.gov.tw/upload/travels/14828adbc5427dca6aa86a4e33e443a8.jpg,軍輝橋,,,,,,376600000A,120.458149,23.4583404,,1,,,,2018/12/19 14:19:20
C1_376600000A_000018,嘉義市百年老樹-鳥榕王萬靈廟,隨時,嘉義市劉厝里百年大榕樹，樹齡推估約200年，座落在嘉義市劉厝里公墓附近，被尊稱為萬靈公的老鳥榕，樹形自然略似一把大雨傘。目前萬靈公廟香火鼎盛，焚香膜拜人群絡繹不絕，有求必應，在民國六十六年冬天成立萬靈公廟管理委員會，由陳金鐘老先生擔任主任委員，積極募款籌措基金，並整理附近環境，重新規劃建築，設有八角亭、魚池、長春俱樂部及鋪設柏油道路等設施，並有義工擔任整理服務等工作，使老榕樹環境煥然一新，前市長張博雅女士視察時冊封為「諸羅鳥榕王」。諸羅鳥榕王，非常壯觀，樹冠幅面積已約有一千多平方公尺，側枝個個堅立挺拔，筆直的枝條支撐主幹繼續往旁生長，在政府與居民的努力照顧下蓬勃發展，營造出一個蔽蔭遮陽的涼爽之地外，更提供適合兒童遊玩的器材，讓此地成為老少咸宜的好場所。,嘉義市劉厝里百年大榕樹，樹齡推估約200年，座落在嘉義市劉厝里公墓附近，被尊稱為萬靈公的老鳥榕，樹形自然略似一把大雨傘。目前萬靈公廟香火鼎盛，焚香膜拜人群絡繹不絕，有求必應，在民國六十六年冬天成立萬靈公廟管理委員會，由陳金鐘老先生擔任主任委員，積極募款籌措基金，並整理附近環境，重新規劃建築，設有八角亭、魚池、長春俱樂部及鋪設柏油道路等設施，並有義工擔任整理服務等工作，使老榕樹環境煥然一新，前市長張博雅女士視察時冊封為「諸羅鳥榕王」。諸羅鳥榕王，非常壯觀，樹冠幅面積已約有一千多平方公尺，側枝個個堅立挺拔，筆直的枝條支撐主幹繼續往旁生長，在政府與居民的努力照顧下蓬勃發展，營造出一個蔽蔭遮陽的涼爽之地外，更提供適合兒童遊玩的器材，讓此地成為老少咸宜的好場所。,886-5-2256649,,,嘉義市西區劉厝里一號公園,,,,,,,,,https://travel.chiayi.gov.tw/upload/travels/0a7e69d2d73fecfb8924693b4c99b024.jpg,嘉義市百年老樹-鳥榕王萬靈廟,,,,,,376600000A,120.415143,23.467048,,1,,,,2018/12/17 23:28:55
C1_376600000A_000019,蘭潭風景區,隨時,嘉義巿夜晚最高潮－「蘭潭泛月」蘭潭月夜最為迷人，素有「蘭潭泛月」之稱，是嘉義八景之一，在三信亭裡，微風徐徐，伴著幽雅月光，遊人或散步、或談情、或閤家歡聚、或相約煮茶閒聊，增添蘭潭溫馨之美。&nbsp;蘭潭潭水清澈見底，四面岡陵起伏，山光水色，潭水若遇月夜朦朧，如詩如畫，故「蘭潭泛月」列為嘉義八景之一，沿岸的環湖公路，環湖巡禮可見觀景樓，立於樓頂蘭潭一覽無遺。通往蘭潭後山有數條山徑步道，沿途兩旁挺拔的樹群不斷釋放芬多精，地較平坦處自然形成羽球場或跳土風舞的場地，而部分步道坡度陡峭，成為熱愛運動者前往挑戰，成為民眾運動、休閒、遊憩的好去處。其自然資源相當豐富，嘉義荒野保護協會在蘭潭後山、樹木園、陶花源、圓籃仔冷泉區設有定點觀察小組，數年來引領眾多生態喜好者造訪美麗多樣的大自然，希望透過深層觀察與體驗讓親近大自然成為一種生活方式而不只是一種理念。期待大家可以和眾多鳥類、昆蟲、植物、大樹們為友，在,嘉義巿夜晚最高潮－「蘭潭泛月」蘭潭月夜最為迷人，素有「蘭潭泛月」之稱，是嘉義八景之一，在三信亭裡，微風徐徐，伴著幽雅月光，遊人或散步、或談情、或閤家歡聚、或相約煮茶閒聊，增添蘭潭溫馨之美。&nbsp;蘭潭潭水清澈見底，四面岡陵起伏，山光水色，潭水若遇月夜朦朧，如詩如畫，故「蘭潭泛月」列為嘉義八景之一，沿岸的環湖公路，環湖巡禮可見觀景樓，立於樓頂蘭潭一覽無遺。通往蘭潭後山有數條山徑步道，沿途兩旁挺拔的樹群不斷釋放芬多精，地較平坦處自然形成羽球場或跳土風舞的場地，而部分步道坡度陡峭，成為熱愛運動者前往挑戰，成為民眾運動、休閒、遊憩的好去處。其自然資源相當豐富，嘉義荒野保護協會在蘭潭後山、樹木園、陶花源、圓籃仔冷泉區設有定點觀察小組，數年來引領眾多生態喜好者造訪美麗多樣的大自然，希望透過深層觀察與體驗讓親近大自然成為一種生活方式而不只是一種理念。期待大家可以和眾多鳥類、昆蟲、植物、大樹們為友，在,886-5-2248917,,600,嘉義市鹿寮里紅毛埤187號之4,,,,,,,,,https://travel.chiayi.gov.tw/upload/travels/2ffc478c86fb59335d2ffcfc079d210f.jpg,蘭潭風景區,,,,,,376600000A,120.475347,23.470401,,1,,,,2018/12/19 21:34:44
C1_376600000A_000020,蘭潭後山公園,尚未有資料,婆婆媽媽來運動～蘭潭後山公園步道！來到蘭潭後山步道，最常見的就是清早與傍晚來這運動的市民，在依傍蘭潭的蘭潭後山公園步道上，有三、四條通往蘭潭的步道，在地人會擇踏上步道走至小山頂，從遠處眺望蘭潭的湖光山色，由山頂向下眺望，蘭潭波平如鏡，碧綠萬頃的圖像如畫般盡收眼底，美不勝放。若您來到蘭潭後山公園，建議您選擇最大的一條步道【好漢坡】來活動，雖然坡度陡峭，距離不近，但會帶給熱愛運動的您極大挑戰，於冒險中娛樂，更增添樂趣！步道中央設有扶手欄杆，沿途兩旁挺拔的樹群帶來不少芬多精，吸引相當多遊客前來旅遊。,婆婆媽媽來運動～蘭潭後山公園步道！來到蘭潭後山步道，最常見的就是清早與傍晚來這運動的市民，在依傍蘭潭的蘭潭後山公園步道上，有三、四條通往蘭潭的步道，在地人會擇踏上步道走至小山頂，從遠處眺望蘭潭的湖光山色，由山頂向下眺望，蘭潭波平如鏡，碧綠萬頃的圖像如畫般盡收眼底，美不勝放。若您來到蘭潭後山公園，建議您選擇最大的一條步道【好漢坡】來活動，雖然坡度陡峭，距離不近，但會帶給熱愛運動的您極大挑戰，於冒險中娛樂，更增添樂趣！步道中央設有扶手欄杆，沿途兩旁挺拔的樹群帶來不少芬多精，吸引相當多遊客前來旅遊。,886-5-2294593,,600,位於嘉義市東郊山仔頂附近，距市區3公里,,,,,,,,,https://travel.chiayi.gov.tw/upload/travels/70ad2efda23e0cefe2770e6caa0f2525.jpg,蘭潭後山公園,,,,,,376600000A,120.475347,23.470401,,1,,,,2018/12/19 23:13:54
C1_376600000A_000021,百年嘉義公園,尚未有資料,美嘉義－嘉義百年公園！嘉義百年公園面積約268000平方公尺，園內古木參天，涼亭水榭，假山魚池，曲徑通幽，因為利用自然山水，風景雅緻，可謂逍遙勝地。內有史蹟資料館、射日塔、孔廟、福康安紀念碑、震災紀念碑以及國寶級的阿里山森林鐵道老火車頭等史蹟，為民眾休閒遊憩的最佳場所。嘉義百年公園擁有豐富而罕見的文史寶藏，可以看出多族群、多朝代的文化特色，值得親近踏遊，細細品味。此外，位在公園東北側的林業、農業兩試驗分所，場中遍植多種熱帶植物，濃蔭逐暑，綠葉搖風，亦值得順道一遊。．歷史小百科景點建造：創立於日治時代明治43年(1910)四百年來，台灣歷經原住民、荷蘭、鄭氏、清領、日本人以至國民政府等權力更迭，諸羅(嘉義之古名)位居南北戰略要津，直接受到多元的衝擊，遺留許多史蹟史料，譬如原住民(平埔族)祭壇遺址，荷蘭人建構的王田，乾隆皇帝御製滿漢雙文合壁的石碑，嘉慶年間的水師大砲，全台首座地震紀念碑，日治時,美嘉義－嘉義百年公園！嘉義百年公園面積約268000平方公尺，園內古木參天，涼亭水榭，假山魚池，曲徑通幽，因為利用自然山水，風景雅緻，可謂逍遙勝地。內有史蹟資料館、射日塔、孔廟、福康安紀念碑、震災紀念碑以及國寶級的阿里山森林鐵道老火車頭等史蹟，為民眾休閒遊憩的最佳場所。嘉義百年公園擁有豐富而罕見的文史寶藏，可以看出多族群、多朝代的文化特色，值得親近踏遊，細細品味。此外，位在公園東北側的林業、農業兩試驗分所，場中遍植多種熱帶植物，濃蔭逐暑，綠葉搖風，亦值得順道一遊。．歷史小百科景點建造：創立於日治時代明治43年(1910)四百年來，台灣歷經原住民、荷蘭、鄭氏、清領、日本人以至國民政府等權力更迭，諸羅(嘉義之古名)位居南北戰略要津，直接受到多元的衝擊，遺留許多史蹟史料，譬如原住民(平埔族)祭壇遺址，荷蘭人建構的王田，乾隆皇帝御製滿漢雙文合壁的石碑，嘉慶年間的水師大砲，全台首座地震紀念碑，日治時,886-5-2744019,,,嘉義市啟明路264號,,,,,,,,,https://travel.chiayi.gov.tw/upload/travels/6d16337fa6bb92c9d03cab5539a14894.jpg,百年嘉義公園,,,,,,376600000A,120.468762,23.4813344,,1,,,http://www.chiayi.gov.tw/web/build/service.asp?c_id=3&type=download,2018/12/19 21:13:11
C1_376600000A_000022,嘉義樹木園,隨時,生生不息的綠色聚集－樹木園設置於明治41年(1908)的樹木園，面積約8.6公頃，坐落於嘉義公園東北側，其原為橡膠的苗木生產與試驗地，後改為熱帶經濟樹種之栽植試驗區，原屬熱帶經濟樹種之栽植試驗地，其後以母樹園之形態經營，隸屬於農委會林業試驗所。因其為林業試驗所，又因嘉義為北回歸線經過區，故進行各項熱帶暨副熱帶造林試驗，早期引進巴西橡膠樹、印度紫壇、黑板樹、南洋各地經濟樹種，如桃花心木等百餘種，採用一樹種之群狀栽植方式，而無系統分區之規劃。目前園內栽植之樹木有一百四十種，分屬於四十七科一百零七屬，多屬人文特色的解說植物，如著名的桃花心木、肯氐南洋杉、黑板樹、巴西橡膠樹...等。歷經百年歲月，園區內群樹挺拔林立，自然樸實中充分呈現林場的幽靜氣息，實為嘉義市區內重要的【休閒綠地】，屬台灣極為珍貴的「都會區植物園」，具有自然保育、學術研究、教學參觀、休閒遊憩等多功能，是悠遊「植物世界」的最佳景點。,生生不息的綠色聚集－樹木園設置於明治41年(1908)的樹木園，面積約8.6公頃，坐落於嘉義公園東北側，其原為橡膠的苗木生產與試驗地，後改為熱帶經濟樹種之栽植試驗區，原屬熱帶經濟樹種之栽植試驗地，其後以母樹園之形態經營，隸屬於農委會林業試驗所。因其為林業試驗所，又因嘉義為北回歸線經過區，故進行各項熱帶暨副熱帶造林試驗，早期引進巴西橡膠樹、印度紫壇、黑板樹、南洋各地經濟樹種，如桃花心木等百餘種，採用一樹種之群狀栽植方式，而無系統分區之規劃。目前園內栽植之樹木有一百四十種，分屬於四十七科一百零七屬，多屬人文特色的解說植物，如著名的桃花心木、肯氐南洋杉、黑板樹、巴西橡膠樹...等。歷經百年歲月，園區內群樹挺拔林立，自然樸實中充分呈現林場的幽靜氣息，實為嘉義市區內重要的【休閒綠地】，屬台灣極為珍貴的「都會區植物園」，具有自然保育、學術研究、教學參觀、休閒遊憩等多功能，是悠遊「植物世界」的最佳景點。,886-5-2764921,,600,嘉義市王田里山子頂270號,,,,,,,,,https://travel.chiayi.gov.tw/upload/travels/442c9ec5ecbc01449d6bbc645ec8cd9d.jpg,嘉義樹木園,,,,,,376600000A,120.466289,23.483499,,1,,,http://cytfri.tfri.gov.tw/orders.php,2018/12/19 22:22:44
C1_376600000A_000023,嘉大植物園,週一至週日上午７點至下午６點（※注意：自106年5月1日起休館中）,※注意：自106年5月1日起休館中嘉大植物園之半圓球型溫室，展示強調原生森林與溪流濱岸意象的植物群落。溫室周邊景觀有台灣重要樹木標本園，恆春、蘭嶼植物區及水生生態池植物區與旱生植物區等主題。溫室內設有仿岩山而成之瀑布植物區，上有一道瀑布由八米高的岩壁洩流而下，其產生的水氣，恰可提供岩壁上蘭花及蕨類植物生長所需濕潤環境，形成自然生態。溫室內有12米高之毛柿與銀葉樹及多種熱帶與亞熱帶之樹種，如鐵樹、楓港柿、象牙數及軟毛柿等；另有蘇鐵、台灣紅豆杉、台灣油杉與蘭嶼羅和松等樹種，營造出亞熱帶地區多樣性之生態景觀。在台灣重要標園則有台灣重要樹種，屬裸子植物者有台灣杉、五葉松、台灣油杉、台灣肖楠；闊葉樹部分則有牛樟、烏心石、台灣櫸與恆春楊梅。水生植物區是由生態池及網室兩部分所組成，生態池主要以營造本地原生池沼生態區之景象。網室內有台灣水塘意象，及珍貴食蟲植物；另有水缽方式呈現之特殊水生植物。,※注意：自106年5月1日起休館中嘉大植物園之半圓球型溫室，展示強調原生森林與溪流濱岸意象的植物群落。溫室周邊景觀有台灣重要樹木標本園，恆春、蘭嶼植物區及水生生態池植物區與旱生植物區等主題。溫室內設有仿岩山而成之瀑布植物區，上有一道瀑布由八米高的岩壁洩流而下，其產生的水氣，恰可提供岩壁上蘭花及蕨類植物生長所需濕潤環境，形成自然生態。溫室內有12米高之毛柿與銀葉樹及多種熱帶與亞熱帶之樹種，如鐵樹、楓港柿、象牙數及軟毛柿等；另有蘇鐵、台灣紅豆杉、台灣油杉與蘭嶼羅和松等樹種，營造出亞熱帶地區多樣性之生態景觀。在台灣重要標園則有台灣重要樹種，屬裸子植物者有台灣杉、五葉松、台灣油杉、台灣肖楠；闊葉樹部分則有牛樟、烏心石、台灣櫸與恆春楊梅。水生植物區是由生態池及網室兩部分所組成，生態池主要以營造本地原生池沼生態區之景象。網室內有台灣水塘意象，及珍貴食蟲植物；另有水缽方式呈現之特殊水生植物。,886-5-2717343,,600,嘉義市鹿寮里學府路300號,,,,,,,,,https://travel.chiayi.gov.tw/upload/travels/ff177c3e93b65a4fdec125d7979c10b7.jpg,嘉大植物園,,,,,,376600000A,120.4884585,23.4737573,,1,,,,2018/12/19 07:51:05
C1_376600000A_000024,文化中心旁杉池,隨時,歷史上的今天－【杉池】台灣木材集散地～日治時期，由於阿里山木材業的開發，嘉義市人口倍增、快速繁榮，為台灣木材集散地。現今市立文化中心的位置，是當年東亞規模最大的【杉池】阿里山鐵路建造完成後，闢貯木池，以浸貯木材，其中以檜木居多，故又名檜池。池四周植樹，濃蔭蔽天，清風徐來，檜香陣飄，垂釣林下，有太公垂釣渭水之樂，實一休閒勝地。現在嘉義市文化局積極豐富其各項活動以藝文，期能傳承諸羅古文風，創造嘉義新文化，務期全民參與文化建設，人人欣賞表演活動，提高嘉義地區生活品質。確立され：今は魚市場、果物野菜市場及び市立文化センターとして使われています。,歷史上的今天－【杉池】台灣木材集散地～日治時期，由於阿里山木材業的開發，嘉義市人口倍增、快速繁榮，為台灣木材集散地。現今市立文化中心的位置，是當年東亞規模最大的【杉池】阿里山鐵路建造完成後，闢貯木池，以浸貯木材，其中以檜木居多，故又名檜池。池四周植樹，濃蔭蔽天，清風徐來，檜香陣飄，垂釣林下，有太公垂釣渭水之樂，實一休閒勝地。現在嘉義市文化局積極豐富其各項活動以藝文，期能傳承諸羅古文風，創造嘉義新文化，務期全民參與文化建設，人人欣賞表演活動，提高嘉義地區生活品質。確立され：今は魚市場、果物野菜市場及び市立文化センターとして使われています。,886-5-2294593,,600,嘉義市東區忠孝路275號,,,,,,,,,https://travel.chiayi.gov.tw/upload/travels/a14db15022a08809e39e21fafa76aea5.jpg,文化中心旁杉池,,,,,,376600000A,120.452702,23.488058,,1,,,,2018/12/19 23:53:01
C1_376600000A_000025,埤子頭植物園,08:30-16:00,休閒、遊憩、教學、研究四大功能場域埤子頭植物園位於文化中心附近，創設於明治41年(1908)，當時與山仔頂植物園同為橡膠苗木的生產與試驗地；埤子頭位於平地，不同於山仔頂的丘陵地，二處同步進行差異性的林業試驗，而後改成為熱帶與副熱帶的造林試驗，也隨著時代的變遷，進而作為造林樹種與綠美化苗木培育之場所。植物園區內目前規劃有灌木、蔓藤、香花、竹類、草皮等植物區，及都市複層林景觀區，供民眾學者休閒、遊憩、教學、研究等四大功能使用。,休閒、遊憩、教學、研究四大功能場域埤子頭植物園位於文化中心附近，創設於明治41年(1908)，當時與山仔頂植物園同為橡膠苗木的生產與試驗地；埤子頭位於平地，不同於山仔頂的丘陵地，二處同步進行差異性的林業試驗，而後改成為熱帶與副熱帶的造林試驗，也隨著時代的變遷，進而作為造林樹種與綠美化苗木培育之場所。植物園區內目前規劃有灌木、蔓藤、香花、竹類、草皮等植物區，及都市複層林景觀區，供民眾學者休閒、遊憩、教學、研究等四大功能使用。,886-5-2322921,,600,嘉義市東區博愛路一段144-4號,,,,,,,,,https://travel.chiayi.gov.tw/upload/travels/55b5df77056d48e4267e25d8ea756f33.jpg,埤子頭植物園,,,,,,376600000A,120.4486744,23.4909408,,1,,,https://www.tfri.gov.tw/main/edu_in.aspx?mode=&mnuid=5392&modid=1&cid=24&cid2=63&nid=99,2018/12/19 20:38:37
C1_376600000A_000026,中正公園,隨時,市中心最佳的戶外表演場所中正公園原為平埔洪雅族的諸羅山社公署所在地，清領時期闢為外教場，日治時代創建為公會堂，當時有全台灣最大可容納一千多人的餐廳。二戰後改為中山堂，並闢為康樂區，附設球場及圖書館，『康樂暮鼓』曾為嘉義八景之一，公園的面積雖不大，園內林立的名人雕像群為其特色，其中以素有嘉義媽祖婆之稱許故市長世賢雕像最為聞名。中正公園於民國78年（西元1989年）完工，園內設露天音樂台，造型採露天拱型開放式，舞台面寬2000公分，深度1670公分，共配置六百個座位，地下室還有演員化妝室，另設有地下收費停車場，貼心的為您解決停車的壓力，為市中心最佳的戶外表演場所。公園內小型展示館作為藝文展場，時常舉辦藝文活動，充滿朝氣與歡樂，景緻及設施都充滿了人文藝術風情，尤其夜間燈火通明，更別具有歐式藝術氣息。,市中心最佳的戶外表演場所中正公園原為平埔洪雅族的諸羅山社公署所在地，清領時期闢為外教場，日治時代創建為公會堂，當時有全台灣最大可容納一千多人的餐廳。二戰後改為中山堂，並闢為康樂區，附設球場及圖書館，『康樂暮鼓』曾為嘉義八景之一，公園的面積雖不大，園內林立的名人雕像群為其特色，其中以素有嘉義媽祖婆之稱許故市長世賢雕像最為聞名。中正公園於民國78年（西元1989年）完工，園內設露天音樂台，造型採露天拱型開放式，舞台面寬2000公分，深度1670公分，共配置六百個座位，地下室還有演員化妝室，另設有地下收費停車場，貼心的為您解決停車的壓力，為市中心最佳的戶外表演場所。公園內小型展示館作為藝文展場，時常舉辦藝文活動，充滿朝氣與歡樂，景緻及設施都充滿了人文藝術風情，尤其夜間燈火通明，更別具有歐式藝術氣息。,886-5-2226270,,600,位於國華街、民權路、忠義街和北榮街所構築的中央位置,,,,,,,,,https://travel.chiayi.gov.tw/upload/travels/b773aefcfc26a1fed05f7b133178aa96.jpg,中正公園,,,,,,376600000A,120.4476431,23.4813588,,1,,,,2018/12/19 14:44:13
C1_376600000A_000027,中央噴水池,隨時,嘉義人精神的地標～民國五十九年許世賢女士擔任市長時興建七彩的中央噴水池，池內噴泉蘊含十四種變化，約每十五分鐘一輪迴，水高可及二十公尺，尤其夜間噴水時，五彩繽紛變化多端，美不勝收。現今每逢選舉之前一日，各候選人帶著群眾在此地造勢較勁，成為中央噴水池的一大特色，同時也成為嘉義人精神的地標。,嘉義人精神的地標～民國五十九年許世賢女士擔任市長時興建七彩的中央噴水池，池內噴泉蘊含十四種變化，約每十五分鐘一輪迴，水高可及二十公尺，尤其夜間噴水時，五彩繽紛變化多端，美不勝收。現今每逢選舉之前一日，各候選人帶著群眾在此地造勢較勁，成為中央噴水池的一大特色，同時也成為嘉義人精神的地標。,886-5-2294593,,,嘉義市中山路中段的圓環,,,,,,,,,https://travel.chiayi.gov.tw/upload/travels/7d30c1560123b65d9463959af06d5fe2.jpg,中央噴水池,,,,,,376600000A,120.4496322,23.4799152,,1,,,,2018/12/19 21:19:32
C1_376600000A_000028,文化路夜市,隨時,逗陣來去迺夜巿～說到嘉義市最熱鬧且最富盛名的夜間市集就是文化路夜市！從中央噴水池往南的文化路，白天是雙線車道，入夜後則成為行人專用道。每當夜幕低垂，各個販賣的衣服、物品、小吃等攤販均紛紛出爐，轉眼之間嘉義市的文化路馬上變成熱鬧的夜市，兩旁商店林立，各種傳統小吃美食小吃人潮洶湧，熙往攘來彷若不夜城。文化路夜市美食小吃的名氣響亮，無論是南北口味，或是傳統與現代的餐飲，都能滿足您的食慾，慕名前來的老饕絕不會錯過。,逗陣來去迺夜巿～說到嘉義市最熱鬧且最富盛名的夜間市集就是文化路夜市！從中央噴水池往南的文化路，白天是雙線車道，入夜後則成為行人專用道。每當夜幕低垂，各個販賣的衣服、物品、小吃等攤販均紛紛出爐，轉眼之間嘉義市的文化路馬上變成熱鬧的夜市，兩旁商店林立，各種傳統小吃美食小吃人潮洶湧，熙往攘來彷若不夜城。文化路夜市美食小吃的名氣響亮，無論是南北口味，或是傳統與現代的餐飲，都能滿足您的食慾，慕名前來的老饕絕不會錯過。,886-5-2294593,,600,嘉義市東區文化路,,,,,,,,,https://travel.chiayi.gov.tw/upload/travels/4cc2c4ecedcd8c6bed50b1b7d39121be.jpg,文化路夜市,,,,,,376600000A,120.4497833,23.4796409,,1,,,,2018/12/19 21:18:22
C1_376600000A_000029,嘉義火車站,隨時,史蹟珍視．火車站建築式樣屬折衷建築，為鋼筋混凝土結構，古典風格的對稱方式，展現簡化的山牆及幾何圖案裝飾，與水平簡潔的現代感。．嘉義火車站為嘉義市的門戶，與嘉義市的發展有高度的關聯。自縱貫鐵路通車後，因具地區交通樞紐，而成為城市發展的重心，車站建築成為代表地方的主要公共建築，具歷史意義。．中山路起於火車站直達嘉義公園，東西向，被稱為【大通】。鄰近地區都以嘉義火車站為出入門戶，為市區之地理中心。日本統治台灣五十年，為方便治理並開發豐富的天然資源而條築台灣縱貫鐵路，嘉義火車站帶動嘉義市由清領時期的十字街向面蓬勃發展。縱貫鐵路將嘉義市一分為二，前站商業蓬勃發展，商業區大多設於本區東南側，後車站廣大之西北部只有零的發展。．月台遮棚，以跟鐵軌相同的工字形樑架加工彎製，頗為特殊。曾經是集客運、貨運、糖運、材運於一身的車站，功能多元，地位重要。．歷史小百科．明治 29年（1896）以日本瓦斜屋頂、雨淋板外,史蹟珍視．火車站建築式樣屬折衷建築，為鋼筋混凝土結構，古典風格的對稱方式，展現簡化的山牆及幾何圖案裝飾，與水平簡潔的現代感。．嘉義火車站為嘉義市的門戶，與嘉義市的發展有高度的關聯。自縱貫鐵路通車後，因具地區交通樞紐，而成為城市發展的重心，車站建築成為代表地方的主要公共建築，具歷史意義。．中山路起於火車站直達嘉義公園，東西向，被稱為【大通】。鄰近地區都以嘉義火車站為出入門戶，為市區之地理中心。日本統治台灣五十年，為方便治理並開發豐富的天然資源而條築台灣縱貫鐵路，嘉義火車站帶動嘉義市由清領時期的十字街向面蓬勃發展。縱貫鐵路將嘉義市一分為二，前站商業蓬勃發展，商業區大多設於本區東南側，後車站廣大之西北部只有零的發展。．月台遮棚，以跟鐵軌相同的工字形樑架加工彎製，頗為特殊。曾經是集客運、貨運、糖運、材運於一身的車站，功能多元，地位重要。．歷史小百科．明治 29年（1896）以日本瓦斜屋頂、雨淋板外,886-5-2228904,,600,嘉義市西區中山路528號,,,,,,,,,https://travel.chiayi.gov.tw/upload/travels/a26433e3508d43553cc42629f4383e1f.jpg,嘉義火車站,,,,,,376600000A,120.4411382,23.4791187,,1,,,,2018/12/19 23:42:22
C1_376600000A_000030,嘉義市文化創意產業園區(嘉義舊酒廠),全天,全國五大創意文化園區之一嘉義舊酒廠位於嘉義火車站旁，其因為是台灣最早生產高粱酒的酒廠，而有「白酒故鄉」的稱號。創建於西元1916年的嘉義舊酒廠，於1982年遷往民雄工業區，搬遷後，留下大量生產機具及相關設備，包括洗瓶機、儲酒桶、酒瓶輸送帶、煙囪、高粱米儲存槽與秤重器等，都是相當珍貴的製酒文化見證，其中，有七幢建物被列為市定古蹟，即將於年底陸續展開古蹟修復工程，而高達五十三公尺的鍋爐煙囪更是嘉義市早期的地標之一。文化部全國五大創意文化園區中，最被寄予厚望的一處即是嘉義文化創意產業園區。因為園區位於嘉義市商業與地理精華區，在文化歷史脈絡的發展中，可謂嘉義市文化設施帶的起點，結合菸酒公賣局嘉義分局（市定古蹟），向北串連嘉義火車站（市定古蹟）、鐵道倉庫藝術村、文化中心、檜意森活村、營林俱樂部（市定古蹟）、阿里山入口門戶北門驛（市定古蹟）及獄政博物館（市定古蹟），串連成一條閃亮的嘉義文化珍珠，而嘉義,全國五大創意文化園區之一嘉義舊酒廠位於嘉義火車站旁，其因為是台灣最早生產高粱酒的酒廠，而有「白酒故鄉」的稱號。創建於西元1916年的嘉義舊酒廠，於1982年遷往民雄工業區，搬遷後，留下大量生產機具及相關設備，包括洗瓶機、儲酒桶、酒瓶輸送帶、煙囪、高粱米儲存槽與秤重器等，都是相當珍貴的製酒文化見證，其中，有七幢建物被列為市定古蹟，即將於年底陸續展開古蹟修復工程，而高達五十三公尺的鍋爐煙囪更是嘉義市早期的地標之一。文化部全國五大創意文化園區中，最被寄予厚望的一處即是嘉義文化創意產業園區。因為園區位於嘉義市商業與地理精華區，在文化歷史脈絡的發展中，可謂嘉義市文化設施帶的起點，結合菸酒公賣局嘉義分局（市定古蹟），向北串連嘉義火車站（市定古蹟）、鐵道倉庫藝術村、文化中心、檜意森活村、營林俱樂部（市定古蹟）、阿里山入口門戶北門驛（市定古蹟）及獄政博物館（市定古蹟），串連成一條閃亮的嘉義文化珍珠，而嘉義,886-5-2160500,,,嘉義市東區中山路616號,,,,,,,,,https://travel.chiayi.gov.tw/upload/travels/bd2f4cbd7fba630816ec603e6a3eb5e2.jpg,嘉義市文化創意產業園區(嘉義舊酒廠),,,,,,376600000A,120.4400251,23.4768435,,1,,,https://www.g9park.com/,2018/12/19 15:21:30
C1_376600000A_000031,舊菸酒公賣局,隨時,建築造型極具特色台灣菸酒專賣事業創始於明治 33年(1900)，設台灣總督府專賣局，嘉義支局成立於大正13年(1924)，本建築於昭和11年(1936)興建，管轄雲、嘉、南三縣市的菸酒專賣事業，對產業歷史之見證具有意義。其建物角呈圓形，入口內凹，外觀簡單，呈現對稱和諧而典雅，規模宏偉。立面貼橫紋折線磚，呈現美感。在二、三樓樓梯轉角處有八角形樑柱，樓梯壁面方格狀的氣孔，樓梯旁柱頭裝飾等均具特色。景點建造：昭和11年(1936),建築造型極具特色台灣菸酒專賣事業創始於明治 33年(1900)，設台灣總督府專賣局，嘉義支局成立於大正13年(1924)，本建築於昭和11年(1936)興建，管轄雲、嘉、南三縣市的菸酒專賣事業，對產業歷史之見證具有意義。其建物角呈圓形，入口內凹，外觀簡單，呈現對稱和諧而典雅，規模宏偉。立面貼橫紋折線磚，呈現美感。在二、三樓樓梯轉角處有八角形樑柱，樓梯壁面方格狀的氣孔，樓梯旁柱頭裝飾等均具特色。景點建造：昭和11年(1936),886-5-2788225,,600,嘉義市西區中山路659號,,,,,,,,,https://travel.chiayi.gov.tw/upload/travels/9f75c2053f71182f4effbf5f07d7b374.jpg,舊菸酒公賣局,,,,,,376600000A,120.44078,23.4776553,,1,,,,2018/12/19 15:58:02
C1_376600000A_000032,嘉義市立文化中心,隨時,嘉義巿文化推動源頭嘉義市立文化中心於八十二年二月二十七日正式開始啟用。位於西區的世賢圖書館是利用市地重劃基金興建，為文化中心西區分館。文化中心現有博物館、圖書館、音樂廳等三棟建物，加上美麗精緻的庭園、整個文化園區佔地五千多坪。博物館地下室為嘉義市交趾陶館，一至四樓設有各類展覽室。圖書館規劃有閱覽室、視聽室、書庫。音樂廳配置專用座椅，可容 1113 席，舞台布幕以國油畫大師林玉山作品「蓮池」為圖案，使用綢緞以手工編織。音樂廳北側水池，在日據時代配合阿里山鐵路運輸，做為浸貯木材之用，又名「杉池」，當時池旁植樹，濃蔭蔽天，垂釣林下，悠然自得，「檜沼垂綸」曾為諸羅八景之一。八十七年經張博雅市長爭取經費加以規劃整理，保存杉池風貌記憶，創造成為新的休憩場所。,嘉義巿文化推動源頭嘉義市立文化中心於八十二年二月二十七日正式開始啟用。位於西區的世賢圖書館是利用市地重劃基金興建，為文化中心西區分館。文化中心現有博物館、圖書館、音樂廳等三棟建物，加上美麗精緻的庭園、整個文化園區佔地五千多坪。博物館地下室為嘉義市交趾陶館，一至四樓設有各類展覽室。圖書館規劃有閱覽室、視聽室、書庫。音樂廳配置專用座椅，可容 1113 席，舞台布幕以國油畫大師林玉山作品「蓮池」為圖案，使用綢緞以手工編織。音樂廳北側水池，在日據時代配合阿里山鐵路運輸，做為浸貯木材之用，又名「杉池」，當時池旁植樹，濃蔭蔽天，垂釣林下，悠然自得，「檜沼垂綸」曾為諸羅八景之一。八十七年經張博雅市長爭取經費加以規劃整理，保存杉池風貌記憶，創造成為新的休憩場所。,886-5-2788225,,60081,嘉義市東區忠孝路275號,,,,,,,,,https://travel.chiayi.gov.tw/upload/travels/9e47616f49f12a24f04182f4f3a38f81.jpg,嘉義市立文化中心,,,,,,376600000A,120.4523367,23.4872853,,1,,,http://www.cabcy.gov.tw/web/,2018/12/19 17:30:48
C1_376600000A_000033,嘉油鐵馬道,全天,鐵馬風正炙！快來嘉油鐵馬道加油！嘉油鐵馬道係為利用閒置的中油舊鐵道修築，於嘉義市世賢路四段中油廠區旁設為起點，途經美源、光路、獅子、紅瓦厝里等四里，以及嘉義水上鄉三和、下寮、回歸等三村。到達北回歸線站天文廣場，全長3500公尺，規劃成為自行車專用道暨景觀綠廊步道，以增進嘉義市的休閒與觀光資源。新規劃的景觀綠帶，係在原有鐵道兩側鋪設各2公尺寬的自行車道，並依沿線的地形與水文，分別設置休憩涼亭、濕地生態、荷花池，車道旁栽植中株與小株喬木、高與矮灌木，並於重要道路交叉口架設入口花廊，充分滿足生態、美學、觀光暨休閒之多功能需求。嘉油鐵馬道其前身屬「嘉義化學工場」的一環，其特殊的歷史背景，為台灣稀有的產業遺構，更屬珍貴的人文景觀資源。嘉義市政府透過精心的規劃，重新賦予舊鐵道的新生命，將之建構成為自行車專用道，以及民眾踏遊走賞步道，並透過市民投票，命名為「嘉油鐵馬道」。其全程貫穿都市、鄉村與田園，景觀,鐵馬風正炙！快來嘉油鐵馬道加油！嘉油鐵馬道係為利用閒置的中油舊鐵道修築，於嘉義市世賢路四段中油廠區旁設為起點，途經美源、光路、獅子、紅瓦厝里等四里，以及嘉義水上鄉三和、下寮、回歸等三村。到達北回歸線站天文廣場，全長3500公尺，規劃成為自行車專用道暨景觀綠廊步道，以增進嘉義市的休閒與觀光資源。新規劃的景觀綠帶，係在原有鐵道兩側鋪設各2公尺寬的自行車道，並依沿線的地形與水文，分別設置休憩涼亭、濕地生態、荷花池，車道旁栽植中株與小株喬木、高與矮灌木，並於重要道路交叉口架設入口花廊，充分滿足生態、美學、觀光暨休閒之多功能需求。嘉油鐵馬道其前身屬「嘉義化學工場」的一環，其特殊的歷史背景，為台灣稀有的產業遺構，更屬珍貴的人文景觀資源。嘉義市政府透過精心的規劃，重新賦予舊鐵道的新生命，將之建構成為自行車專用道，以及民眾踏遊走賞步道，並透過市民投票，命名為「嘉油鐵馬道」。其全程貫穿都市、鄉村與田園，景觀,886-5-2294593,,,嘉義市世賢路四段中油廠區旁設為起點，北回歸線站天文廣場為終點,,,,,,,,,https://travel.chiayi.gov.tw/upload/travels/7b3e296b363d858f66d76e2b62a73cb2.jpg,嘉油鐵馬道,,,,,,376600000A,120.4471797,23.4620168,,1,,,,2018/12/19 21:15:44
C1_376600000A_000034,世賢路自行車道,全天,鐵馬風狂飆！悠閒於世賢路林蔭大道！自行車運動風氣在嘉義市政府推動下，一到假日，市區或郊外都可看到全家踩著單車，悠遊在嘉義市漫騎，形成一股悠閒風。嘉義市忠孝路、世賢路寬敞的林蔭大道，綠地空間大，市府交通處規劃自行車道，讓民眾騎乘自行車可以倘佯在綠意中。世賢路是嘉義市重要的外環道路，寬達90米，為八線車道大馬路兩側另有寬闊的綠帶森林，自行車道就在這林間蜿蜒穿梭。 沿著世賢路向前挺進，就算汽車在外頭開的再快，自行車騎士們也絲毫不受影響。世賢路自行車道每一段都有不同的風景，各有一番景緻。道路除了水泥地之外還有磚塊地，不同的地形也是樂趣之一哦! 騎累了想休息，也規劃有停放自行車的貼心設計哦。景點建造：民國97年,鐵馬風狂飆！悠閒於世賢路林蔭大道！自行車運動風氣在嘉義市政府推動下，一到假日，市區或郊外都可看到全家踩著單車，悠遊在嘉義市漫騎，形成一股悠閒風。嘉義市忠孝路、世賢路寬敞的林蔭大道，綠地空間大，市府交通處規劃自行車道，讓民眾騎乘自行車可以倘佯在綠意中。世賢路是嘉義市重要的外環道路，寬達90米，為八線車道大馬路兩側另有寬闊的綠帶森林，自行車道就在這林間蜿蜒穿梭。 沿著世賢路向前挺進，就算汽車在外頭開的再快，自行車騎士們也絲毫不受影響。世賢路自行車道每一段都有不同的風景，各有一番景緻。道路除了水泥地之外還有磚塊地，不同的地形也是樂趣之一哦! 騎累了想休息，也規劃有停放自行車的貼心設計哦。景點建造：民國97年,886-5-2294593,,600,嘉義市世賢路(自保安四路至新民路),,,,,,,,,https://travel.chiayi.gov.tw/upload/travels/50285500525c344a8dbadc0fb948b53a.jpg,世賢路自行車道,,,,,,376600000A,120.4382366,23.4946193,,1,,,,2018/12/19 21:15:25
C1_376600000A_000035,蕭萬長文物館,週一至週六 上午 9:00-12:00 下午 1:30-5:00 ；週日、國定假日、其他校定假日及館務需要之閉館日休館,「蕭萬長文物館」是由2006年成立的「蕭萬長院長資料室」擴建而成，典藏蕭萬長擔任公職50年以來至副總統期間的勳章、藝品、書畫、重要文獻等文物2549件捐贈給嘉義大學，供學校進行教學研究，也兼具藝文功能。位於嘉義大學圖書館5樓，面積116.5坪，分為入口大廳-蕭先生個人生平的日晷，陳列副總統時期獲頒的中正勛章；藝品暨數位資源展示室-以日晷、嘉義市空照圖及嘉義市花設計展間地板，多元呈現蕭副總統一生的行政事蹟，並有大型觸控電腦及多媒體播映室，互動化設計展示數位化文物館的資料；特藏室-陳列蕭博士之新聞稿、演講稿、新聞剪輯及重要會議紀錄等，並展示各種榮譽學位服飾及重要書畫及珍藏藝品。,「蕭萬長文物館」是由2006年成立的「蕭萬長院長資料室」擴建而成，典藏蕭萬長擔任公職50年以來至副總統期間的勳章、藝品、書畫、重要文獻等文物2549件捐贈給嘉義大學，供學校進行教學研究，也兼具藝文功能。位於嘉義大學圖書館5樓，面積116.5坪，分為入口大廳-蕭先生個人生平的日晷，陳列副總統時期獲頒的中正勛章；藝品暨數位資源展示室-以日晷、嘉義市空照圖及嘉義市花設計展間地板，多元呈現蕭副總統一生的行政事蹟，並有大型觸控電腦及多媒體播映室，互動化設計展示數位化文物館的資料；特藏室-陳列蕭博士之新聞稿、演講稿、新聞剪輯及重要會議紀錄等，並展示各種榮譽學位服飾及重要書畫及珍藏藝品。,886-5-2717233,,,嘉義市鹿寮里學府路300號(嘉義大學蘭潭校區),,,,,,,,,https://travel.chiayi.gov.tw/upload/travels/ac885a9d85b8058183b4c95a3ea8badf.jpg,蕭萬長文物館,,,,,,376600000A,120.4872537,23.4724185,,1,,,,2018/12/19 14:29:42
C1_376600000A_000036,嘉義市身心障礙綜合園區─再耕園,尚未有資料,嘉義巿文化推動源頭嘉義市身心障礙綜合園區─再耕園，是全國第一個由政府興建，委託民間社會福利機構(嘉義基督教醫院)經營管理的園區。其是一個用愛心創造天堂的地方，除了提供身心障礙者福利服務諮詢、生涯轉銜、職業輔導評量及職業訓練機會外，更積極在園區內設置各項 庇護工場與商店，並結合觀光休閒產業，開發身心障礙者就業機會。,嘉義巿文化推動源頭嘉義市身心障礙綜合園區─再耕園，是全國第一個由政府興建，委託民間社會福利機構(嘉義基督教醫院)經營管理的園區。其是一個用愛心創造天堂的地方，除了提供身心障礙者福利服務諮詢、生涯轉銜、職業輔導評量及職業訓練機會外，更積極在園區內設置各項 庇護工場與商店，並結合觀光休閒產業，開發身心障礙者就業機會。,886-5-2857203,,,嘉義市西區玉康路160號,,,,,,,,,https://travel.chiayi.gov.tw/upload/travels/aca9b38b515a7c6abb48acb254f5e3bf.jpg,嘉義市身心障礙綜合園區─再耕園,,,,,,376600000A,120.4280921,23.4721806,,1,,,,2018/12/19 19:28:34
C1_376600000A_000037,再耕園─蜻蛉玉工坊,全天,身心障礙綜合園區嘉義市再耕園-為嘉義市政府委託嘉義基督教醫院經營管理的身心障礙綜合園區，再耕園蜻蛉玉工房內的琉璃珠工藝師，是經過琉璃珠職訓一年的辛苦焠煉，並獲嘉義市政府及勞委會的補助，所成立的創作園地。再耕園蜻蛉玉工房積極開發新款產品，並且與嘉義市政府「台灣京都」意象結合，將再耕園蜻蛉玉創作成功推向國際，並成為嘉義的工藝創作代表-「嘉義之珠」。目前有5位工藝師(身心障礙者)在工房中開發多樣飾品及禮品，近日並開發成功用琉璃材質製作的簽名筆、項鍊、耳環、別針、相框&hellip;等產品，並正式對外接單生產銷售。景點建造：嘉義市政府委託嘉義基督教醫院經營管理的身心障礙綜合園區,身心障礙綜合園區嘉義市再耕園-為嘉義市政府委託嘉義基督教醫院經營管理的身心障礙綜合園區，再耕園蜻蛉玉工房內的琉璃珠工藝師，是經過琉璃珠職訓一年的辛苦焠煉，並獲嘉義市政府及勞委會的補助，所成立的創作園地。再耕園蜻蛉玉工房積極開發新款產品，並且與嘉義市政府「台灣京都」意象結合，將再耕園蜻蛉玉創作成功推向國際，並成為嘉義的工藝創作代表-「嘉義之珠」。目前有5位工藝師(身心障礙者)在工房中開發多樣飾品及禮品，近日並開發成功用琉璃材質製作的簽名筆、項鍊、耳環、別針、相框&hellip;等產品，並正式對外接單生產銷售。景點建造：嘉義市政府委託嘉義基督教醫院經營管理的身心障礙綜合園區,886-5-2857203,,600,嘉義市西區玉康路160號2樓,,,,,,,,,https://travel.chiayi.gov.tw/upload/travels/5ae179d4d3adbb1b5bb7691517c0bed2.jpg,再耕園─蜻蛉玉工坊,,,,,,376600000A,120.4280921,23.4721806,,1,,,http://www.caes.gov.tw/,2018/12/19 15:42:07
C1_376600000A_000038,虎‧棒‧水泉,全天,台灣．棒球．夢～嘉義是台灣棒球運動的發源地，於日治時代大正 7年(1918)，嘉義市立棒球場竣工，為當時是最好的棒球場，後重建於民國87年9月重新啟用，其看台還以仿照羅馬競技場的方式配置，以環抱型座位往下觀看，視野極佳！棒球場大門左側有【七虎耀諸羅】和【威震甲子園】的青銅雕塑，以及水泉等設計，象徵棒運傳承和飲水思源。．青銅雕塑小百科．【七虎耀諸羅】銅雕民國 57年嘉義市少棒錦標賽冠軍，後來由台中熱心人士贊助及經營管理，以金龍少棒隊的名義，參加民國58年在美國威廉波特舉行的第23屆世界少棒賽，贏得冠軍，舉國為之歡騰。民 59年嘉義市少棒隊再次奪得全國少棒錦標賽冠軍，嘉義子弟兵以七虎少棒隊獲得遠東區冠軍，並進軍世界比賽，全台對棒球狂熱到了極點。．【威震甲子園】銅雕現在的「國立嘉義大學」前身「國立嘉義技術學院」，在日治時代是「台南州立嘉義農林學校」，簡稱「嘉農」。昭和 6年(1931)嘉農棒球隊,台灣．棒球．夢～嘉義是台灣棒球運動的發源地，於日治時代大正 7年(1918)，嘉義市立棒球場竣工，為當時是最好的棒球場，後重建於民國87年9月重新啟用，其看台還以仿照羅馬競技場的方式配置，以環抱型座位往下觀看，視野極佳！棒球場大門左側有【七虎耀諸羅】和【威震甲子園】的青銅雕塑，以及水泉等設計，象徵棒運傳承和飲水思源。．青銅雕塑小百科．【七虎耀諸羅】銅雕民國 57年嘉義市少棒錦標賽冠軍，後來由台中熱心人士贊助及經營管理，以金龍少棒隊的名義，參加民國58年在美國威廉波特舉行的第23屆世界少棒賽，贏得冠軍，舉國為之歡騰。民 59年嘉義市少棒隊再次奪得全國少棒錦標賽冠軍，嘉義子弟兵以七虎少棒隊獲得遠東區冠軍，並進軍世界比賽，全台對棒球狂熱到了極點。．【威震甲子園】銅雕現在的「國立嘉義大學」前身「國立嘉義技術學院」，在日治時代是「台南州立嘉義農林學校」，簡稱「嘉農」。昭和 6年(1931)嘉農棒球隊,886-5-2754225,,600,嘉義市東區山仔頂249-1號,,,,,,,,,https://travel.chiayi.gov.tw/upload/travels/d8a539e882e7ab47017ebd30835e2493.jpg,虎‧棒‧水泉,,,,,,376600000A,120.46567,23.4816554,,1,,,,2018/12/19 21:10:28
C1_376600000A_000039,農業試驗分所,全天,台灣以農立國，農為根本－農產的研究園地！農業試驗分所本部農場面積　40.86 公頃，其中果園區廣達22公頃，果樹品種園現存種原49科，約八百品種（系），尚保存數種稀有果樹，具有農業研究，生態教育 ，遊憩觀賞等多元功能。&nbsp;農業試驗分所內設有農藝、園藝及植物保護等三系。‧農藝系－以研究水稻、甘藷及農業機械改良為主。‧園藝系－研究範圍包括熱帶與亞熱帶果樹與花卉之保育及栽培試驗。‧植物保護系－主要研究作物病蟲害防治，以及有益微生物之開發利用。．歷史小百科嘉義農業試驗分所創立於日治時期大正七年（ 1918 ），原為台灣總督府中央研究所嘉義農事試驗支所，二戰後行政體系多次改變，民國 88 年 7 月改隸農委會。嘉義公園左邊山丘，自西元1918年創設農業試驗所，栽種熱帶農作物、園藝作物，奇花異卉，種類繁多。,台灣以農立國，農為根本－農產的研究園地！農業試驗分所本部農場面積　40.86 公頃，其中果園區廣達22公頃，果樹品種園現存種原49科，約八百品種（系），尚保存數種稀有果樹，具有農業研究，生態教育 ，遊憩觀賞等多元功能。&nbsp;農業試驗分所內設有農藝、園藝及植物保護等三系。‧農藝系－以研究水稻、甘藷及農業機械改良為主。‧園藝系－研究範圍包括熱帶與亞熱帶果樹與花卉之保育及栽培試驗。‧植物保護系－主要研究作物病蟲害防治，以及有益微生物之開發利用。．歷史小百科嘉義農業試驗分所創立於日治時期大正七年（ 1918 ），原為台灣總督府中央研究所嘉義農事試驗支所，二戰後行政體系多次改變，民國 88 年 7 月改隸農委會。嘉義公園左邊山丘，自西元1918年創設農業試驗所，栽種熱帶農作物、園藝作物，奇花異卉，種類繁多。,886-5-2771341,,600,嘉義市東區民權路2號,,,,,,,,,https://travel.chiayi.gov.tw/upload/travels/81d4f62e9db6c81e318a05dcadda3f0e.jpg,農業試驗分所,,,,,,376600000A,120.4678747,23.4842414,,1,,,https://www.tari.gov.tw/sub/index18.asp,2018/12/19 18:05:14
C1_376600000A_000040,北回歸線標誌,全天,與全球連接！二OO四年六月二十一日，北半球的夏至日，台灣，嘉義博愛路與世賢路口矗立的六座北回歸線歷年標誌群正式啟用，是全球第十處興建北回歸線標誌的地方。北回歸線標誌是北溫帶與熱帶的界碑，極圈碑、回歸線標誌、赤道碑同屬世界性重要地標，以區分北寒帶、北溫帶、熱帶、南溫帶、南寒帶等五帶。 嘉義市的北回歸線標誌群，位於嘉義市西南交通要衝之地，基本上是一群路口地標，分屬四個年份。雖然小巧玲瓏，卻兼具交通觀光、歷史文化、地球科學教育意義。目前靠西北方的中央安全島上建有「圖文碑記」一座，大理石刻簡要說明立標重點，附上簡圖更能使人充分了解十八世紀末葉北回歸線曾經靜悄悄的飄過這個路口，而且與嘉義命名息息相關。．北回歸線向南漂移圖文碑記「回歸線」係依天文學的黃赤交角之等值而劃定的緯度線。造成黃赤交角變化的因素有三︰一為歲差運動、二為章動周期、三為極移問題，另外板塊運動也會造成回歸線變化。因此，北回歸線以每年十,與全球連接！二OO四年六月二十一日，北半球的夏至日，台灣，嘉義博愛路與世賢路口矗立的六座北回歸線歷年標誌群正式啟用，是全球第十處興建北回歸線標誌的地方。北回歸線標誌是北溫帶與熱帶的界碑，極圈碑、回歸線標誌、赤道碑同屬世界性重要地標，以區分北寒帶、北溫帶、熱帶、南溫帶、南寒帶等五帶。 嘉義市的北回歸線標誌群，位於嘉義市西南交通要衝之地，基本上是一群路口地標，分屬四個年份。雖然小巧玲瓏，卻兼具交通觀光、歷史文化、地球科學教育意義。目前靠西北方的中央安全島上建有「圖文碑記」一座，大理石刻簡要說明立標重點，附上簡圖更能使人充分了解十八世紀末葉北回歸線曾經靜悄悄的飄過這個路口，而且與嘉義命名息息相關。．北回歸線向南漂移圖文碑記「回歸線」係依天文學的黃赤交角之等值而劃定的緯度線。造成黃赤交角變化的因素有三︰一為歲差運動、二為章動周期、三為極移問題，另外板塊運動也會造成回歸線變化。因此，北回歸線以每年十,886-5-2294593,,,嘉義市西區博愛路與世賢路,,,,,,,,,https://travel.chiayi.gov.tw/upload/travels/7b70240f320f1a9e1736a903aadab168.jpg,北回歸線標誌,,,,,,376600000A,120.425602,23.4661483,,1,,,,2018/12/19 14:29:24
C1_376600000A_000041,中台灣首座女性文化地標,全天(許世賢故居屬私人宅第，不對外開放參觀),「嘉義媽祖婆」－許世賢博士被尊稱為「嘉義媽祖婆」的許世賢博士，從行醫濟世到從政歷程，創下十幾項台灣第一，如第一位女性醫學博士、中學校長、市參議員、市長、立法委員，是公認的台灣歷史性人物，國家文化總會於其故居設置170公分高的原木崁銅浮雕，以茲表彰，並配合出版「女人屐痕」一書，封面選用許世賢博士婚紗照片，肯定許世賢醫人醫國的多項重要功績。許世賢故居門牆上的「女性文化地標」由嘉義市女性藝術工作者吳娟設計、製作，為一座170公分高的長方型原木嵌銅浮雕。(許世賢故居屬私人宅第，不對外開放參觀。)檜木材質帶入許世賢當代的林業產業意象，上方珠簾象徵女性地位，圖面蓮花則旨在表彰許博士清廉問政的形象。．「女性文化地標」是國家文化總會選定17位對台灣具開拓性、歷史性的女性與女性活動空間，設置「女性文化地標」。,「嘉義媽祖婆」－許世賢博士被尊稱為「嘉義媽祖婆」的許世賢博士，從行醫濟世到從政歷程，創下十幾項台灣第一，如第一位女性醫學博士、中學校長、市參議員、市長、立法委員，是公認的台灣歷史性人物，國家文化總會於其故居設置170公分高的原木崁銅浮雕，以茲表彰，並配合出版「女人屐痕」一書，封面選用許世賢博士婚紗照片，肯定許世賢醫人醫國的多項重要功績。許世賢故居門牆上的「女性文化地標」由嘉義市女性藝術工作者吳娟設計、製作，為一座170公分高的長方型原木嵌銅浮雕。(許世賢故居屬私人宅第，不對外開放參觀。)檜木材質帶入許世賢當代的林業產業意象，上方珠簾象徵女性地位，圖面蓮花則旨在表彰許博士清廉問政的形象。．「女性文化地標」是國家文化總會選定17位對台灣具開拓性、歷史性的女性與女性活動空間，設置「女性文化地標」。,886-5-2294593,,600,嘉義市東區共和路167號,,,,,,,,,https://travel.chiayi.gov.tw/upload/travels/628b9d8031e8c9f80d0cb91b0043bfd3.jpg,中台灣首座女性文化地標,,,,,,376600000A,120.4547859,23.4844546,,1,,,,2018/12/19 10:49:11
C1_376600000A_000042,水源地水錶室,全天(建議日間前往),典雅建築藝術－水源地水錶室～水源地水錶室位於嘉義市民權路農試所對面，其因造型十分典雅獨特，又仿文藝復興時期巴洛克式建築，採渾厚之柱式配合簡化之山牆，此建築特色為嘉義市少見，所以一直保留迄今，它的土地屬於林業用地，過去因道路未拓寬，它始終被樹木草叢所掩蓋，後來嘉義公園至蘭潭國中間的民權路段拓寬，才使隱藏數十年的「水錶室」得以露臉，而它與眾不同的建築、造型，也格外受到矚目。這座建築是台灣自來水公司為水錶所建造的房舍，從日治時代 建造完成迄今，至少有八十五年歷史，水錶室負責淨水廠每天的流量記錄，由於不符合現代實際需要，已經停用二十多年。景點建造：大正3年(約於1914年),典雅建築藝術－水源地水錶室～水源地水錶室位於嘉義市民權路農試所對面，其因造型十分典雅獨特，又仿文藝復興時期巴洛克式建築，採渾厚之柱式配合簡化之山牆，此建築特色為嘉義市少見，所以一直保留迄今，它的土地屬於林業用地，過去因道路未拓寬，它始終被樹木草叢所掩蓋，後來嘉義公園至蘭潭國中間的民權路段拓寬，才使隱藏數十年的「水錶室」得以露臉，而它與眾不同的建築、造型，也格外受到矚目。這座建築是台灣自來水公司為水錶所建造的房舍，從日治時代 建造完成迄今，至少有八十五年歷史，水錶室負責淨水廠每天的流量記錄，由於不符合現代實際需要，已經停用二十多年。景點建造：大正3年(約於1914年),886-5-2294593,,600,嘉義市東區民權路2號,,,,,,,,,https://travel.chiayi.gov.tw/upload/travels/7d41fc0aba42bfa0465470f0fc335110.jpg,水源地水錶室,,,,,,376600000A,120.4678747,23.4842414,,1,,,,2018/12/18 22:52:44
C1_376600000A_000043,史蹟資料館,週二至週日(AM9:00-12:00 PM13:00-17:00),走進嘉義的時光隧道史蹟資料館位於嘉義公園內，園內飽含人文史料與豐富珍貴的歷史，宛如台灣近代史的縮影，齋館建積267平方公尺，社務所建積208平方公尺，兩棟建築物之間有通廊相連，若以中央通廊為連繫軸，則形成頗具規模的整體空間。綜觀該日式「書院造」構造之格局，建築元素與服務機能等形式，在國內十分稀有，具獨特性，藝術表現優雅，工藝參考價值高。&nbsp;史蹟資料館該兩棟建築物屬日本「書院造」的建築形式，使用天花板、紙橫拉門、外廊道等建築要素。而屋頂屬「入母屋式」形式，類似中國傳統的歇山頂，其屋簷、屋脊、破風、垂脊、正脊均使用日式之建築元素。屋身外壁之上端有船形肘木(斗拱)，下半部採「真壁」形式。台基為低矮干闌式作法，而門窗方面，門多採橫拉門，只有少數屬推拉門；窗則有玻璃橫拉窗固定格柵窗、固定格柵加橫拉玻璃窗，以及紙橫拉窗等四種。齋館、社務所、手水舍，祭器庫等，是日本留下的居住文化代表，且祭器庫有,走進嘉義的時光隧道史蹟資料館位於嘉義公園內，園內飽含人文史料與豐富珍貴的歷史，宛如台灣近代史的縮影，齋館建積267平方公尺，社務所建積208平方公尺，兩棟建築物之間有通廊相連，若以中央通廊為連繫軸，則形成頗具規模的整體空間。綜觀該日式「書院造」構造之格局，建築元素與服務機能等形式，在國內十分稀有，具獨特性，藝術表現優雅，工藝參考價值高。&nbsp;史蹟資料館該兩棟建築物屬日本「書院造」的建築形式，使用天花板、紙橫拉門、外廊道等建築要素。而屋頂屬「入母屋式」形式，類似中國傳統的歇山頂，其屋簷、屋脊、破風、垂脊、正脊均使用日式之建築元素。屋身外壁之上端有船形肘木(斗拱)，下半部採「真壁」形式。台基為低矮干闌式作法，而門窗方面，門多採橫拉門，只有少數屬推拉門；窗則有玻璃橫拉窗固定格柵窗、固定格柵加橫拉玻璃窗，以及紙橫拉窗等四種。齋館、社務所、手水舍，祭器庫等，是日本留下的居住文化代表，且祭器庫有,886-5-2711647,,600,嘉義市東區公園街42號,,,,,,,,,https://travel.chiayi.gov.tw/upload/travels/71d5d532f84df1ba1283d75390e9df3c.JPG,史蹟資料館,,,,,,376600000A,120.467489,23.481087,,1,,,http://www.cabcy.gov.tw/historical/,2018/12/19 22:31:51
C1_376600000A_000044,福康安紀功碑,隨時,乾隆皇帝御製的褒揚功碑福康安紀功碑的名氣很大，將石碑豎立於石龜上，相當壯觀，在中國到處可以見到用石龜作為台基的石碑，不過在台灣卻是罕見的，只有台南等地留有幾塊，不只是物稀為貴，更重要的，此碑牽引出一段台灣重要的歷史 ─ 林爽文事變，尤其是諸羅縣因此事件奉皇帝賜名為「嘉義」，為全台地名唯一由皇帝親賜的特例。乾隆 51 年 (1786) ，林爽文在彰化舉兵起事，殺死彰化知縣，南下攻陷諸羅 ( 嘉義 ) 縣及鳳山縣，一時全台騷亂。由於台灣總兵柴大紀奮勇作戰，不但保衛住台南府城，又於乾隆 52 年 (1787) 正月收復諸羅縣城。而林爽文部眾在重整後，繼續圍攻諸羅城，戰事慘烈，情勢岌岌可危。同年十月，乾隆調派履立戰功的福康安將軍率兵增援台灣，果將林爽文擊敗，解除了諸羅城之圍。事後已諸羅城軍民守城義勇可嘉，特家地名改為嘉義。乾隆 53 年 (1788) 皇帝御製十座紀工碑石與龜座，以褒揚福康安之戰功,乾隆皇帝御製的褒揚功碑福康安紀功碑的名氣很大，將石碑豎立於石龜上，相當壯觀，在中國到處可以見到用石龜作為台基的石碑，不過在台灣卻是罕見的，只有台南等地留有幾塊，不只是物稀為貴，更重要的，此碑牽引出一段台灣重要的歷史 ─ 林爽文事變，尤其是諸羅縣因此事件奉皇帝賜名為「嘉義」，為全台地名唯一由皇帝親賜的特例。乾隆 51 年 (1786) ，林爽文在彰化舉兵起事，殺死彰化知縣，南下攻陷諸羅 ( 嘉義 ) 縣及鳳山縣，一時全台騷亂。由於台灣總兵柴大紀奮勇作戰，不但保衛住台南府城，又於乾隆 52 年 (1787) 正月收復諸羅縣城。而林爽文部眾在重整後，繼續圍攻諸羅城，戰事慘烈，情勢岌岌可危。同年十月，乾隆調派履立戰功的福康安將軍率兵增援台灣，果將林爽文擊敗，解除了諸羅城之圍。事後已諸羅城軍民守城義勇可嘉，特家地名改為嘉義。乾隆 53 年 (1788) 皇帝御製十座紀工碑石與龜座，以褒揚福康安之戰功,886-5-2294593,,600,嘉義市東區民權路122號,,,,,,,,,https://travel.chiayi.gov.tw/upload/travels/37af0c6f3720a21c8306ab2106ff2128.jpg,福康安紀功碑,,,,,,376600000A,120.464386,23.4836643,,1,,,http://www.ttvs.cy.edu.tw/kcc/934chia/fu.htm,2018/12/19 15:51:26
C1_376600000A_000045,丙午震災紀念碑,隨時,災後重建的軌跡～台灣地震頻傳，在日治時代曾發生多次烈震。明治 39 年 (1906)3 月 17 日黎明六時發生大地震 ( 全震動時間長達四分多鐘 ) ，震央位於民雄與梅山之間，人畜傷亡頗多，建物毀損嚴重，大小餘震不斷，相繼壓死一千兩百多人，嘉義市街建築物大半毀於地震。災後行政當局趁機規劃市區改道計劃，今之嘉義市區奠基於此。此次地震立有「震災記」石碑，可能為全台首座地震紀念碑，係由莊伯容撰文。二戰後遭改名為「青年育樂中心」，民國 90 年 3 月，文化局加以恢復。景點建造：刻立：明治 39 年 ( 西元 1906 年 ) 復原：民國 90 年 3 月景點地址：嘉義市東區東川里嘉義公園,災後重建的軌跡～台灣地震頻傳，在日治時代曾發生多次烈震。明治 39 年 (1906)3 月 17 日黎明六時發生大地震 ( 全震動時間長達四分多鐘 ) ，震央位於民雄與梅山之間，人畜傷亡頗多，建物毀損嚴重，大小餘震不斷，相繼壓死一千兩百多人，嘉義市街建築物大半毀於地震。災後行政當局趁機規劃市區改道計劃，今之嘉義市區奠基於此。此次地震立有「震災記」石碑，可能為全台首座地震紀念碑，係由莊伯容撰文。二戰後遭改名為「青年育樂中心」，民國 90 年 3 月，文化局加以恢復。景點建造：刻立：明治 39 年 ( 西元 1906 年 ) 復原：民國 90 年 3 月景點地址：嘉義市東區東川里嘉義公園,886-5-2294593,,600,嘉義市東區民權路122號,,,,,,,,,https://travel.chiayi.gov.tw/upload/travels/0afd2fc7e407ea93b3caf8cf5f302fd3.jpg,丙午震災紀念碑,,,,,,376600000A,120.4652307,23.4833299,,1,,,,2018/12/19 17:16:21
C1_376600000A_000046,十二門古砲,隨時,迷樣的重量級古砲遺跡～這十二門古砲系於西元1975年移置現地，其中一門砲管鑄字清晰可見，內容為：「嘉慶十二年秋，奉閩浙總部堂阿，福建巡撫部長，鑄造台協水師左營大砲，一位重一千斤」等字樣。其古砲來源尚無資料可稽，可能與嘉義出身的水師提督王得祿有關，也可能是原配置在東、南、西北城門的古砲。景點建造：鑄造於清嘉慶 12 年 ( 西元 1807 年 )景點地址：嘉義市東區東川里嘉義公園連絡電話：886-5-2294593開放時間：隨時,迷樣的重量級古砲遺跡～這十二門古砲系於西元1975年移置現地，其中一門砲管鑄字清晰可見，內容為：「嘉慶十二年秋，奉閩浙總部堂阿，福建巡撫部長，鑄造台協水師左營大砲，一位重一千斤」等字樣。其古砲來源尚無資料可稽，可能與嘉義出身的水師提督王得祿有關，也可能是原配置在東、南、西北城門的古砲。景點建造：鑄造於清嘉慶 12 年 ( 西元 1807 年 )景點地址：嘉義市東區東川里嘉義公園連絡電話：886-5-2294593開放時間：隨時,886-5-2294593,,600,嘉義市東區民權路122號,,,,,,,,,https://travel.chiayi.gov.tw/upload/travels/9aa4f6141265b51fec17132c83ad6e63.jpg,十二門古砲,,,,,,376600000A,120.4652307,23.4833299,,1,,,,2018/12/18 21:45:42
C1_376600000A_000047,陳澄波畫架,隨時,嘉義人共同的驕傲－陳澄波畫家！陳澄波先生是台灣傑出的前輩畫家，他的畫作拍賣價早已逾台幣千萬元以上，尤其許多作品都以家鄉風光與人物為描繪的對象，嘉義的一景一物藉由他的畫藝而流傳並揚名於世。民國 90年3月陳澄波文化基金會提供九幅複製油畫，豎立在嘉義公園內，這是台灣第一次油畫與公園景點結合，大大提高嘉義公園的藝術氣氛。陳澄波先生具有高尚的人格與傑出的畫藝，是嘉義人共同的驕傲，在欣賞畫作的同時，讓我們再一次向陳澄波先生致敬。&nbsp;．陳澄波小檔案‧1895年出生於嘉義‧國語學校師範科畢業‧留學日本東京美術學校(國立東京藝術大學前身)‧日本東京美術學校研究所專攻西畫二年‧1929年赴上海擔任藝專教授兼系主任。‧1933年返回台灣‧1934年創立台陽美術協會‧1946年，擔任嘉義市第一屆參議員‧1947年因二二八事件遇難逝世，享年53歲‧1926年創作大幅油畫《嘉義街外》，入選日本第七回帝國美術,嘉義人共同的驕傲－陳澄波畫家！陳澄波先生是台灣傑出的前輩畫家，他的畫作拍賣價早已逾台幣千萬元以上，尤其許多作品都以家鄉風光與人物為描繪的對象，嘉義的一景一物藉由他的畫藝而流傳並揚名於世。民國 90年3月陳澄波文化基金會提供九幅複製油畫，豎立在嘉義公園內，這是台灣第一次油畫與公園景點結合，大大提高嘉義公園的藝術氣氛。陳澄波先生具有高尚的人格與傑出的畫藝，是嘉義人共同的驕傲，在欣賞畫作的同時，讓我們再一次向陳澄波先生致敬。&nbsp;．陳澄波小檔案‧1895年出生於嘉義‧國語學校師範科畢業‧留學日本東京美術學校(國立東京藝術大學前身)‧日本東京美術學校研究所專攻西畫二年‧1929年赴上海擔任藝專教授兼系主任。‧1933年返回台灣‧1934年創立台陽美術協會‧1946年，擔任嘉義市第一屆參議員‧1947年因二二八事件遇難逝世，享年53歲‧1926年創作大幅油畫《嘉義街外》，入選日本第七回帝國美術,886-5-2294593,,600,於嘉義各個景點,,,,,,,,,https://travel.chiayi.gov.tw/upload/travels/c19b4afe15365d9e4f1e6960983ec296.jpg,陳澄波畫架,,,,,,376600000A,,,,1,,,,2018/12/19 12:42:31
C1_376600000A_000048,牆之道,隨時,富涵哲理的造型之作～嘉義公園為塑造獨特優美的風格，將閩南建築常見的元素，適當的加以展現，興建「牆之道」，其造型係以天干壇及地支壇為起訖平台，寓意尊重天行運轉，並運用單元重覆出現的原理，錯落配置，以顯現「同中求變」的空間特質。而入口穿堂的「天圓地方」，以及八卦形六角行與圓形之拱洞等，在在符合漢人幾千年來博大精深的宇宙觀與生命哲理的象徵。圍牆係採低短，易於穿越的「雲牆」，「雲牆」設計可坐可躺，可行走可嬉戲，其扮演角色不再是「圍」，而是有如翻騰的長龍，生意盎然，極具特色。,富涵哲理的造型之作～嘉義公園為塑造獨特優美的風格，將閩南建築常見的元素，適當的加以展現，興建「牆之道」，其造型係以天干壇及地支壇為起訖平台，寓意尊重天行運轉，並運用單元重覆出現的原理，錯落配置，以顯現「同中求變」的空間特質。而入口穿堂的「天圓地方」，以及八卦形六角行與圓形之拱洞等，在在符合漢人幾千年來博大精深的宇宙觀與生命哲理的象徵。圍牆係採低短，易於穿越的「雲牆」，「雲牆」設計可坐可躺，可行走可嬉戲，其扮演角色不再是「圍」，而是有如翻騰的長龍，生意盎然，極具特色。,886-5-2294593,,600,嘉義市東區民權路122號,,,,,,,,,https://travel.chiayi.gov.tw/upload/travels/fe2dda9b0e17cb0e682677cf3e38d241.jpg,牆之道,,,,,,376600000A,120.4652307,23.4833299,,1,,,,2018/12/19 18:58:15
C1_376600000A_000049,一江山紀念碑,隨時,國民政府轉進台灣之後的重要戰役之一戰爭後的遺跡，紀念所有奮戰的官兵！一江山，屬浙江外海的小島，民國38年國民政府轉進來台，當時為了戰略考量，希望能掌控金門、馬祖及浙江外海的大陳島與一江山，進而反攻大陸。於民國44年元月18日，中共即對一江山展開大規模的攻擊，歷經六十餘小時，守軍司令引爆手榴彈自盡，駐守官兵全部陣亡，戰況悲慘。景點建造：立碑： 45 年 9 月景點地址：嘉義市東區東川里嘉義公園,國民政府轉進台灣之後的重要戰役之一戰爭後的遺跡，紀念所有奮戰的官兵！一江山，屬浙江外海的小島，民國38年國民政府轉進來台，當時為了戰略考量，希望能掌控金門、馬祖及浙江外海的大陳島與一江山，進而反攻大陸。於民國44年元月18日，中共即對一江山展開大規模的攻擊，歷經六十餘小時，守軍司令引爆手榴彈自盡，駐守官兵全部陣亡，戰況悲慘。景點建造：立碑： 45 年 9 月景點地址：嘉義市東區東川里嘉義公園,886-5-2294593,,,嘉義市東區民權路122號,,,,,,,,,https://travel.chiayi.gov.tw/upload/travels/2e0a6e359b1413a4aa2e5d30b78496bf.jpg,一江山紀念碑,,,,,,376600000A,120.4652307,23.4833299,,1,,,,2018/12/19 19:58:27
C1_376600000A_000050,孔廟,隨時,中國古代儒家文化的象徵孔廟是中國古代儒家文化的象徵，府城及縣城必興建孔廟，以代表中華文化。廟前有【大成殿】匾額，廟內主祀至聖先師孔子神位，陪祀顏子、子思、子路等七十二位弟子神位。孔廟裝飾簡樸典雅，表現莊重肅穆之美，每逢祀宜典禮，鐘鼓齊鳴，有舞有樂，行祀如儀，充份展現中華文化的優良傳承。但因日治時代因被破壞，殘存古物不多，只有大成殿左側的【重修文廟碑記】是嘉慶二十年留下的最古遺跡，字跡還算清楚，但碑可因年代久遠而佈滿苔痕。．歷史小百科‧嘉義的孔廟 (文廟)首建於康熙45年(西元1706年)‧孔廟左前方之「重修文廟碑記」係於嘉慶二十年 (西元1815年) 刻立。‧光緒三十二年(西元1907年)嘉義大地震，孔子神位移於文昌閣中，旋又寄南門聖神宮。‧民國50年重建孔廟於嘉義公園，乃移廟碑置於新廟之旁。‧民國53年在公園現址興建孔廟，孔子聖牌安祀於大成殿。景點建造：創建：康熙 45 年 ( 西元 1,中國古代儒家文化的象徵孔廟是中國古代儒家文化的象徵，府城及縣城必興建孔廟，以代表中華文化。廟前有【大成殿】匾額，廟內主祀至聖先師孔子神位，陪祀顏子、子思、子路等七十二位弟子神位。孔廟裝飾簡樸典雅，表現莊重肅穆之美，每逢祀宜典禮，鐘鼓齊鳴，有舞有樂，行祀如儀，充份展現中華文化的優良傳承。但因日治時代因被破壞，殘存古物不多，只有大成殿左側的【重修文廟碑記】是嘉慶二十年留下的最古遺跡，字跡還算清楚，但碑可因年代久遠而佈滿苔痕。．歷史小百科‧嘉義的孔廟 (文廟)首建於康熙45年(西元1706年)‧孔廟左前方之「重修文廟碑記」係於嘉慶二十年 (西元1815年) 刻立。‧光緒三十二年(西元1907年)嘉義大地震，孔子神位移於文昌閣中，旋又寄南門聖神宮。‧民國50年重建孔廟於嘉義公園，乃移廟碑置於新廟之旁。‧民國53年在公園現址興建孔廟，孔子聖牌安祀於大成殿。景點建造：創建：康熙 45 年 ( 西元 1,886-5-2294593,,,嘉義市東區民權路122號,,,,,,,,,https://travel.chiayi.gov.tw/upload/travels/76aa6a669de0c088f5dd5d9711405aef.jpg,孔廟,,,,,,376600000A,120.4665004,23.4822401,,1,,,,2018/12/19 21:33:20
C1_376600000A_000051,21號蒸汽火車頭,隨時,見證嘉義地區林業發展的興衰史阿里山森林鐵路因有「千分之62.5爬坡」、「螺旋狀鐵道」、「z字型爬升」等聞名國際的特色，當年擔任運輸重任的21號蒸汽火車頭極富有歷史價值，並可見證嘉義地區林業發展的興衰史。．21號蒸汽火車頭小檔案來源： 1912 年美國 Lima 公司引進日治時代大正元年(西元1912年)阿里山森林鐵道通車，由於鐵道之曲線半徑小，斜度急，運載重，因此特別採購 18 公噸及 28 公噸蒸汽火車頭行駛。第21號蒸汽火車頭係於1912年由美國Lima公司引進，屬28公噸直立式汽缸規格，伐木時代配置屬於「奮起湖」車庫。,見證嘉義地區林業發展的興衰史阿里山森林鐵路因有「千分之62.5爬坡」、「螺旋狀鐵道」、「z字型爬升」等聞名國際的特色，當年擔任運輸重任的21號蒸汽火車頭極富有歷史價值，並可見證嘉義地區林業發展的興衰史。．21號蒸汽火車頭小檔案來源： 1912 年美國 Lima 公司引進日治時代大正元年(西元1912年)阿里山森林鐵道通車，由於鐵道之曲線半徑小，斜度急，運載重，因此特別採購 18 公噸及 28 公噸蒸汽火車頭行駛。第21號蒸汽火車頭係於1912年由美國Lima公司引進，屬28公噸直立式汽缸規格，伐木時代配置屬於「奮起湖」車庫。,886-5-2294593,,600,嘉義市東區民權路122號,,,,,,,,,https://travel.chiayi.gov.tw/upload/travels/ec56810894cc575225ddb07abda671b1.jpg,21號蒸汽火車頭,,,,,,376600000A,120.4652307,23.4833299,,1,,,,2018/12/19 10:54:35
C1_376600000A_000052,嘉義仁武宮,6:00-22:00,香火鼎盛的市定古蹟嘉義仁武宮建廟於康熙十六年(西元1677年)，主祀保生大帝乃宋代名醫吳夲，俗稱大道公或吳真人，康熙 40年(1701)諸羅知縣毛鳳綸首創建廟，爾後多次重修。據傳，明永曆 27年(1673)鄭經西征時，將原屯田於今高雄仁武者，改調至諸羅城鎮守，官兵中有自泉州恭奉大道公神像來此，作為屯田的守護神。本宮氣勢雄，雕樑畫棟，屋頂五彩琉璃，剪粘花鳥人物，栩栩如生。建材大多為福杉木造，深保存價值，文武門神為潘麗水大師彩繪，具藝術價值。雖經多次修建，廟體原貌未失，彩繪、 石雕、 木雕、泥塑、脊飾頗為精緻，龍蟠虎踞，雕樑畫棟，氣勢雄偉。內設有一道光三十年的石香爐，原祀大道公神像。因傳廟內之藥籤當靈驗，前往求籤者相當多，據廟方表示，信徒自承為保生大帝【乾兒子】者甚眾，這是一種民間習俗，以求得神明的療佑。,香火鼎盛的市定古蹟嘉義仁武宮建廟於康熙十六年(西元1677年)，主祀保生大帝乃宋代名醫吳夲，俗稱大道公或吳真人，康熙 40年(1701)諸羅知縣毛鳳綸首創建廟，爾後多次重修。據傳，明永曆 27年(1673)鄭經西征時，將原屯田於今高雄仁武者，改調至諸羅城鎮守，官兵中有自泉州恭奉大道公神像來此，作為屯田的守護神。本宮氣勢雄，雕樑畫棟，屋頂五彩琉璃，剪粘花鳥人物，栩栩如生。建材大多為福杉木造，深保存價值，文武門神為潘麗水大師彩繪，具藝術價值。雖經多次修建，廟體原貌未失，彩繪、 石雕、 木雕、泥塑、脊飾頗為精緻，龍蟠虎踞，雕樑畫棟，氣勢雄偉。內設有一道光三十年的石香爐，原祀大道公神像。因傳廟內之藥籤當靈驗，前往求籤者相當多，據廟方表示，信徒自承為保生大帝【乾兒子】者甚眾，這是一種民間習俗，以求得神明的療佑。,886-5-2276283,,600,嘉義市東區北榮街54號,,,,,,,,,https://travel.chiayi.gov.tw/upload/travels/7fa531fa2566e29edfb0a8281b621bf7.jpg,嘉義仁武宮,,,,,,376600000A,120.450827,23.481483,,1,,,,2018/12/19 14:18:44
C1_376600000A_000053,國定古蹟嘉義城隍廟,6:00-22:00,嘉義市民的信仰中心城隍又稱城隍爺，象徵地方之守護神，城隍廟是嘉義市民的信仰中心，自古即與民眾息息相連，香火鼎盛。創建：康熙 54年(1715)，距今已近300年之久&nbsp;現建：昭和 11年重建，至昭和15年(1940)竣工城隍廟於康熙五十四年(西元1715年)創建。雍正十年(西元1732年)重修。及至乾隆二十九年，因廟身傾圯斑駁，有折崩之虞，新任邑宰張所受加工予以重修。現今城隍廟為泉州溪底派匠師王錦木主司重建，建築富麗，格局尊貴，對木雕藝術表現深具特色，拜殿之八卦藻井，正殿步口及次間看架斗栱，全由榫卯鬥成，不用一釘一鐵，匠藝巧奪天工。城隍廟保存清領時期之碑匾文物十餘件，彌足珍貴，包括全台城隍廟唯一獲皇帝賜匾的「臺洋顯佑」匾，太子太保王得祿獻「道宏化育」匾，知縣張所受立「重建城隍廟」碑，知縣范學恆為供香燈之資而立碑， 晉江龔道南獻大算盤，知縣王廷幹為興築陰靈堂而立碑，教諭蘇鳳藻獻「赫聲,嘉義市民的信仰中心城隍又稱城隍爺，象徵地方之守護神，城隍廟是嘉義市民的信仰中心，自古即與民眾息息相連，香火鼎盛。創建：康熙 54年(1715)，距今已近300年之久&nbsp;現建：昭和 11年重建，至昭和15年(1940)竣工城隍廟於康熙五十四年(西元1715年)創建。雍正十年(西元1732年)重修。及至乾隆二十九年，因廟身傾圯斑駁，有折崩之虞，新任邑宰張所受加工予以重修。現今城隍廟為泉州溪底派匠師王錦木主司重建，建築富麗，格局尊貴，對木雕藝術表現深具特色，拜殿之八卦藻井，正殿步口及次間看架斗栱，全由榫卯鬥成，不用一釘一鐵，匠藝巧奪天工。城隍廟保存清領時期之碑匾文物十餘件，彌足珍貴，包括全台城隍廟唯一獲皇帝賜匾的「臺洋顯佑」匾，太子太保王得祿獻「道宏化育」匾，知縣張所受立「重建城隍廟」碑，知縣范學恆為供香燈之資而立碑， 晉江龔道南獻大算盤，知縣王廷幹為興築陰靈堂而立碑，教諭蘇鳳藻獻「赫聲,886-5-2224116,,600,嘉義市東區吳鳳北路168號,,,,,,,,,https://travel.chiayi.gov.tw/upload/travels/f0068cf67f6616fe4eb2338691ac1efa.jpg,國定古蹟嘉義城隍廟,,,,,,376600000A,120.454028,23.47839,,1,,,http://www.cycht.org.tw/,2018/12/19 20:45:22
C1_376600000A_000054,九華山地藏庵,尚未有資料,香火鼎盛的九華山地藏庵！九華山地藏庵舊名為「嘉邑北嶽殿地藏王 - 九華山地藏庵」地藏庵正殿主祀地藏王菩薩，大雄寶殿主祀釋迦牟尼佛，並於前庭設置太歲殿及文昌殿；大悲殿主祀觀世音菩薩，彌陀殿主祀阿彌陀佛，藥師殿祀藥師佛，頂樓大願殿奉祀四尊南無大願地藏王菩薩。 鎮殿地藏王菩薩據傳為交趾陶大師葉王的創作，寶相莊嚴慈悲，神恩浩蕩，由於常顯靈助人，保佑鄉里，護民有術，遂成為最重要的信仰中心。年度法會有上元法會、中元法會和下元法會，參與人數每次均上萬人，十分的隆盛。地藏庵香火鼎盛，經常辦理慈善救濟，普渡眾生，撫慰民心。廟內鎮殿地藏王菩薩神像，以及十殿閻羅神像都是古物，極具價值。歷史小百科九華山地藏王菩薩金身，係遠於明朝末年由某善士護持來台，康熙 36 年（ 1697 ）擇定於現址恭奉，迄今已歷三百餘年。康熙 56 年（ 1717 ）北路營守備游崇功建庵，乾隆 25 年（ 1760 ）知縣李倓擴建，始略具,香火鼎盛的九華山地藏庵！九華山地藏庵舊名為「嘉邑北嶽殿地藏王 - 九華山地藏庵」地藏庵正殿主祀地藏王菩薩，大雄寶殿主祀釋迦牟尼佛，並於前庭設置太歲殿及文昌殿；大悲殿主祀觀世音菩薩，彌陀殿主祀阿彌陀佛，藥師殿祀藥師佛，頂樓大願殿奉祀四尊南無大願地藏王菩薩。 鎮殿地藏王菩薩據傳為交趾陶大師葉王的創作，寶相莊嚴慈悲，神恩浩蕩，由於常顯靈助人，保佑鄉里，護民有術，遂成為最重要的信仰中心。年度法會有上元法會、中元法會和下元法會，參與人數每次均上萬人，十分的隆盛。地藏庵香火鼎盛，經常辦理慈善救濟，普渡眾生，撫慰民心。廟內鎮殿地藏王菩薩神像，以及十殿閻羅神像都是古物，極具價值。歷史小百科九華山地藏王菩薩金身，係遠於明朝末年由某善士護持來台，康熙 36 年（ 1697 ）擇定於現址恭奉，迄今已歷三百餘年。康熙 56 年（ 1717 ）北路營守備游崇功建庵，乾隆 25 年（ 1760 ）知縣李倓擴建，始略具,886-5-2782555,,600,嘉義市東區民權路255號,,,,,,,,,https://travel.chiayi.gov.tw/upload/travels/ce716c6139e889974e26b4ba8c6af788.jpg,九華山地藏庵,,,,,,376600000A,120.4563891,23.4831307,,1,,,http://www.cydza.org.tw/main.php,2018/12/19 22:26:20
C1_376600000A_000055,嘉義神社手水舍,全天,停水乾涸將近半世紀的嘉義神社「手水舍」復水了！位於嘉義市史蹟資料館對面的手水舍，嘉義神社的歷史源自1911年，當年日人為了提倡日本國家神道，推展皇民化的運動，嘉義廳積極籌建嘉義神社。嘉義神社分為兩代，第一代神社於1915年啟用，其位置在現在射日塔的右前方，當時因參拜人數多，空間不敷使用而另建第二代神社。整體古蹟範圍包含第一代神社遺跡、祭器庫、手水舍、休憩所（參集所）、齋館及社務所等附屬館所。第二代嘉義神社的手水舍於1945年啟用，為獨立的四柱庭建築，中央有八角形溢水槽，槽內置石盤一口，配置長柄水勺，提供參拜者洗手和漱口之用，以達到淨身淨心的效果。為了保護古蹟，引接自來水並加裝感應設施自動出水，讓遊客體驗到訪日本神社時的淨身漱口步驟，希望復水後讓更多民眾參觀嘉義市史蹟資料館時，對神社的歷史文化有更多的認識。手水舍內設置解說牌讓參觀民眾認識手水舍使用步驟：(1)以右手拿長柄勺取水（每人只取一次,停水乾涸將近半世紀的嘉義神社「手水舍」復水了！位於嘉義市史蹟資料館對面的手水舍，嘉義神社的歷史源自1911年，當年日人為了提倡日本國家神道，推展皇民化的運動，嘉義廳積極籌建嘉義神社。嘉義神社分為兩代，第一代神社於1915年啟用，其位置在現在射日塔的右前方，當時因參拜人數多，空間不敷使用而另建第二代神社。整體古蹟範圍包含第一代神社遺跡、祭器庫、手水舍、休憩所（參集所）、齋館及社務所等附屬館所。第二代嘉義神社的手水舍於1945年啟用，為獨立的四柱庭建築，中央有八角形溢水槽，槽內置石盤一口，配置長柄水勺，提供參拜者洗手和漱口之用，以達到淨身淨心的效果。為了保護古蹟，引接自來水並加裝感應設施自動出水，讓遊客體驗到訪日本神社時的淨身漱口步驟，希望復水後讓更多民眾參觀嘉義市史蹟資料館時，對神社的歷史文化有更多的認識。手水舍內設置解說牌讓參觀民眾認識手水舍使用步驟：(1)以右手拿長柄勺取水（每人只取一次,886-5-2294593,,600,嘉義市東區民權路122號,,,,,,,,,https://travel.chiayi.gov.tw/upload/travels/5bb4a5d5628afe8ed23d22537b3b20e5.jpg,嘉義神社手水舍,,,,,,376600000A,120.4676568,23.4817242,,1,,,,2018/12/19 18:58:15
C1_376600000A_000056,彌陀寺,平日05:30-17:00，週一及春節、清明節、端午節、中秋節休園,幽靜的寺廟美景建於清乾隆17年（1752），歷經震害水患而數次整修，於民國62年全寺興工重建，至民國67年（1978）竣工，屋宇為金黃色琉璃瓦，寺容巍然壯麗，殿宇牆壁、樑柱為深茶色，不同於一般寺殿用色，更顯穩重肅穆，正殿供奉釋迦牟尼佛聖像，並以迦葉尊者及阿難尊者陪祀左右，環境清幽，暮鼓晨鐘、梵音繚繞，因此 &ldquo;彌陀曉鐘&rdquo;享有嘉義八景之一的美譽。彌陀寺前為八掌溪，原有義渡吊橋橫跨溪水之上，吊橋長度500公尺，以其遠望飛鷺凌空、越水而過，故又有&ldquo;鷺橋&rdquo;之稱，往昔八掌溪急流湧波，致有&ldquo;鷺橋觀浪&rdquo;之景，如今吊橋已毀損拆除，不復昔觀，寺院大門左側山坡上仍立有八掌溪義渡記念碑，列入三級古蹟，可惜碑文已湮沒難辨。而在義渡碑旁有座義民塔，此塔建于1938年，塔中合祀昭忠義民公503人及忠義公19人遺骨（其中含一只義犬），皆是為地方取義殉,幽靜的寺廟美景建於清乾隆17年（1752），歷經震害水患而數次整修，於民國62年全寺興工重建，至民國67年（1978）竣工，屋宇為金黃色琉璃瓦，寺容巍然壯麗，殿宇牆壁、樑柱為深茶色，不同於一般寺殿用色，更顯穩重肅穆，正殿供奉釋迦牟尼佛聖像，並以迦葉尊者及阿難尊者陪祀左右，環境清幽，暮鼓晨鐘、梵音繚繞，因此 &ldquo;彌陀曉鐘&rdquo;享有嘉義八景之一的美譽。彌陀寺前為八掌溪，原有義渡吊橋橫跨溪水之上，吊橋長度500公尺，以其遠望飛鷺凌空、越水而過，故又有&ldquo;鷺橋&rdquo;之稱，往昔八掌溪急流湧波，致有&ldquo;鷺橋觀浪&rdquo;之景，如今吊橋已毀損拆除，不復昔觀，寺院大門左側山坡上仍立有八掌溪義渡記念碑，列入三級古蹟，可惜碑文已湮沒難辨。而在義渡碑旁有座義民塔，此塔建于1938年，塔中合祀昭忠義民公503人及忠義公19人遺骨（其中含一只義犬），皆是為地方取義殉,886-5-2224203,,,嘉義市東區彌陀路1號,,,,,,,,,https://travel.chiayi.gov.tw/upload/travels/8bcf3f670b0b646f3425bb72cf6b063d.JPG,彌陀寺,,,,,,376600000A,120.470015,23.4626906,,1,,,,2018/12/19 15:23:01
C1_376600000A_000057,二二八紀念碑,隨時,景點建造：民國 78 年 2 月 28 日見證民主發展的軌跡～嘉義市是首先突破政治禁忌，建立國內第一座【二二八紀念碑】的地方。發生於西元1947年的二二八事件是一件令人痛心的歷史悲劇，當時中央及台灣省政府尚視二二八事件為禁忌，百般阻撓此一建碑行動，但在當時長張博雅及民眾堅持下，終於在一九八九年建碑在嘉義，成為國內第一座【二二八紀念碑】。這座白色立體錐形的紀念碑鑲有三塊碑文，分別是建碑經過，建碑精神和二二八事件簡史。祈盼記取歷史教訓，走出悲情，尊重生命，追求公義。．二二八記念碑文二次大戰後，台灣脫離日本統治，以為從此可過自由民主生活。豈料中國政權接受台灣，所派陳儀官兵貪污腐敗無能，特權橫行，加上戰後經濟體系破敗，物價高漲，造成台民生活艱苦，哀聲怨道，各地分傳反抗之聲。終在一九四七年二月二十七日，於台北大稻埕發生官員通緝私煙，蠻橫打傷女販，後又開槍射殺抗議市民。次日二月二十八日，台北市民請願要,景點建造：民國 78 年 2 月 28 日見證民主發展的軌跡～嘉義市是首先突破政治禁忌，建立國內第一座【二二八紀念碑】的地方。發生於西元1947年的二二八事件是一件令人痛心的歷史悲劇，當時中央及台灣省政府尚視二二八事件為禁忌，百般阻撓此一建碑行動，但在當時長張博雅及民眾堅持下，終於在一九八九年建碑在嘉義，成為國內第一座【二二八紀念碑】。這座白色立體錐形的紀念碑鑲有三塊碑文，分別是建碑經過，建碑精神和二二八事件簡史。祈盼記取歷史教訓，走出悲情，尊重生命，追求公義。．二二八記念碑文二次大戰後，台灣脫離日本統治，以為從此可過自由民主生活。豈料中國政權接受台灣，所派陳儀官兵貪污腐敗無能，特權橫行，加上戰後經濟體系破敗，物價高漲，造成台民生活艱苦，哀聲怨道，各地分傳反抗之聲。終在一九四七年二月二十七日，於台北大稻埕發生官員通緝私煙，蠻橫打傷女販，後又開槍射殺抗議市民。次日二月二十八日，台北市民請願要,886-5-2294593,,600,嘉義市東區大雅路二段695號,,,,,,,,,https://travel.chiayi.gov.tw/upload/travels/749e128a18b0217805eee13066d2cedc.jpg,二二八紀念碑,,,,,,376600000A,23.476663,120.462425,,1,,,,2018/12/19 14:21:45
C1_376600000A_000058,祥太文化館,週一至週五預約參觀；週日開放參觀09：30～12：00 14：00～16：30,見證民主發展的軌跡本館特色，以靜態的古文物與館舍的整體造景，展現文物藝術精美之處，為亞洲唯一人偶人間雕塑博物館。文物館展覽空間有三樓，展出作品多以清末民初的葉王、柯訓、洪坤福、林添木、陳專友等台灣早期宗師的珍貴作品。一樓以忠孝節義故事的交趾陶人物為主題，二樓以神仙及民間傳說的道仙人為主，三樓展出完整陶器演變史，從中國漢俑到近代的交趾陶作品。,見證民主發展的軌跡本館特色，以靜態的古文物與館舍的整體造景，展現文物藝術精美之處，為亞洲唯一人偶人間雕塑博物館。文物館展覽空間有三樓，展出作品多以清末民初的葉王、柯訓、洪坤福、林添木、陳專友等台灣早期宗師的珍貴作品。一樓以忠孝節義故事的交趾陶人物為主題，二樓以神仙及民間傳說的道仙人為主，三樓展出完整陶器演變史，從中國漢俑到近代的交趾陶作品。,886-5-2743721,,600,嘉義市大雅路二段285巷30號,,,,,,,,,https://travel.chiayi.gov.tw/upload/travels/675b3a4f1b76d081e84213c82a4d8ef4.jpg,祥太文化館,,,,,,376600000A,120.4770046,23.4766375,,1,,,http://superspace.moc.gov.tw/hall/local_culture_page.aspx?oid=ee803b67-ec2c-4af2-a543-79bca643d0c0,2018/12/19 07:10:27
C1_376600000A_000059,蘇周連宗祠,尚未有資料,景點建造：光緒 22年(1896)以前嘉義百年祠堂本宗祠是嘉義市現存最早設立之祠堂，作為大嘉義地區蘇氏祭祖與宗親聯誼，已歷百年之久，具有宗族發展歷史的研究價值，且常年維持祭祀活動，可啟發宗親思源尋根，具有深厚的文化意涵。民間有言：「嘉義蘇氏半嘉城」，蘇氏族人蘇孝德、蘇育奇曾任嘉義區長，開設美記商行，頗有名氣，與嘉義市的政治、經濟、文化發展關係密切。&nbsp;為倡導尊祖敬宗，本宗祠於日治之初成立，並從蘇氏家廟發展成蘇、周、連三姓的共同祠堂。祠內安奉蘇周連神位及蘇氏先祖考取進士，受封位之神位 31尊，及蘇氏救命恩公洪公祖之特殊神位。本建築為豪華民宅改建為祠堂之範例，屬傳統閩南風格，格式保存良好，全棟五開間，一進式三合院，中堂未使用一釘一鐵，門楣之木雕及彩繪精美，木構窗戶開啟設計特殊，步口廊、穿斗式屋架，簷下吊筒間以弓形方樑互拉，樑及椼引之間，每一開間再做出兩組斗座草，較為少見，各項做工精緻細,景點建造：光緒 22年(1896)以前嘉義百年祠堂本宗祠是嘉義市現存最早設立之祠堂，作為大嘉義地區蘇氏祭祖與宗親聯誼，已歷百年之久，具有宗族發展歷史的研究價值，且常年維持祭祀活動，可啟發宗親思源尋根，具有深厚的文化意涵。民間有言：「嘉義蘇氏半嘉城」，蘇氏族人蘇孝德、蘇育奇曾任嘉義區長，開設美記商行，頗有名氣，與嘉義市的政治、經濟、文化發展關係密切。&nbsp;為倡導尊祖敬宗，本宗祠於日治之初成立，並從蘇氏家廟發展成蘇、周、連三姓的共同祠堂。祠內安奉蘇周連神位及蘇氏先祖考取進士，受封位之神位 31尊，及蘇氏救命恩公洪公祖之特殊神位。本建築為豪華民宅改建為祠堂之範例，屬傳統閩南風格，格式保存良好，全棟五開間，一進式三合院，中堂未使用一釘一鐵，門楣之木雕及彩繪精美，木構窗戶開啟設計特殊，步口廊、穿斗式屋架，簷下吊筒間以弓形方樑互拉，樑及椼引之間，每一開間再做出兩組斗座草，較為少見，各項做工精緻細,886-5-2719346,,600,嘉義市東區垂楊路326號,,,,,,,,,https://travel.chiayi.gov.tw/upload/travels/783cbf2ac18051f53ba521db80597864.jpg,蘇周連宗祠,,,,,,376600000A,120.4515364,23.4743686,,1,,,http://www.ttvs.cy.edu.tw/kcc/95916su/su1.htm,2018/12/19 15:47:56
C1_376600000A_000060,紅毛井,尚未有資料,歷史的軌跡－紅毛井此井為三百年前荷蘭人所鑿，故稱【蘭井】，因荷蘭人頭髮為紅色，又稱【紅毛井】。西元1636年，明崇禎九年，荷蘭東印度公降服諸羅山社後不久，約在清領後的縣署處，派駐政務員及牧師，以徵放諸羅山一帶平埔族人、漢人的租稅，並傳布基督教於原住民，遂挖鑿此井，以為居家生活所需要的水源。鄭氏時期，吳智武總兵鎮守並屯田於諸羅山，設營於此井北，重修之，清領之後未有整修記載，乾隆二十七年，諸羅知縣衛克堉以此井迫水甘美，冠於全諸羅山，列【蘭井泉甘】為諸羅八景之一，清領未期嘉義進士徐德欽，以此井泉水，「清滌襟煩同玉醁，甘回舌本勝瓊漿，茶烹合用銀壺貯，綆汲誰偕雪水量。」為嘉義諸迫之冠。文獻記載：「紅毛井，在縣署之左。開自荷蘭，因以名。方廣六尺，深二丈許，泉甘洌於他井，相傳居民汲飲是井，則不犯疫癘。鄭氏時，有吳智武者鎮守斯地，重修之。」「蘭井泉甘」曾列為諸羅八景之一。民國七十四年內政部古蹟評鑑以前，暫,歷史的軌跡－紅毛井此井為三百年前荷蘭人所鑿，故稱【蘭井】，因荷蘭人頭髮為紅色，又稱【紅毛井】。西元1636年，明崇禎九年，荷蘭東印度公降服諸羅山社後不久，約在清領後的縣署處，派駐政務員及牧師，以徵放諸羅山一帶平埔族人、漢人的租稅，並傳布基督教於原住民，遂挖鑿此井，以為居家生活所需要的水源。鄭氏時期，吳智武總兵鎮守並屯田於諸羅山，設營於此井北，重修之，清領之後未有整修記載，乾隆二十七年，諸羅知縣衛克堉以此井迫水甘美，冠於全諸羅山，列【蘭井泉甘】為諸羅八景之一，清領未期嘉義進士徐德欽，以此井泉水，「清滌襟煩同玉醁，甘回舌本勝瓊漿，茶烹合用銀壺貯，綆汲誰偕雪水量。」為嘉義諸迫之冠。文獻記載：「紅毛井，在縣署之左。開自荷蘭，因以名。方廣六尺，深二丈許，泉甘洌於他井，相傳居民汲飲是井，則不犯疫癘。鄭氏時，有吳智武者鎮守斯地，重修之。」「蘭井泉甘」曾列為諸羅八景之一。民國七十四年內政部古蹟評鑑以前，暫,886-5-2788225,,600,嘉義市東區蘭井街83號,,,,,,,,,https://travel.chiayi.gov.tw/upload/travels/467772793df1ec5436deef1e1d4d1981.jpg,紅毛井,,,,,,376600000A,120.4544677,23.4778715,,1,,,,2018/12/19 17:26:57
C1_376600000A_000061,八獎溪義渡,全日,景點建造：始設：康熙年間，或更早的年代嘉南平原主要河川之一！台灣河川流短水急，行旅常需舟渡救濟，八掌溪是重要的水路運輸線，渡口甚多，其中最繁忙與重要的渡口在彌陀寺旁，相傳是在康熙54年，諸羅知縣周鍾瑄號召捐款，於渡口編筏濟人。八掌溪(古名八獎溪)是嘉南平原主要河川之一，早期無法搭建長橋，在彌陀寺旁設渡口供舟筏 渡溪，現仍保存有1847年刻製的「八獎溪義渡碑」，此種與環境相匹配的義渡碑，在台灣極為珍貴罕見。八掌溪位於朴子溪以南、 急 水溪以北，流經嘉義縣番路鄉、中埔鄉、水上鄉、太保市、鹿草鄉、義竹鄉、布袋鎮、嘉義市及台南市的北門區、鹽水區、學甲區、後壁區、白河區，最後在嘉義縣的好美村出海，注入台灣海峽。八掌溪在洪水時期的流量達到每秒鐘一千八百立方公尺左右的水量，但是到枯水期時，卻只有每秒鐘 0.4立方公尺的流量，水量的變化可說是非常大。八掌溪在夏、秋洪水氾濫的時期，溪水暴漲，當時住在八掌溪兩,景點建造：始設：康熙年間，或更早的年代嘉南平原主要河川之一！台灣河川流短水急，行旅常需舟渡救濟，八掌溪是重要的水路運輸線，渡口甚多，其中最繁忙與重要的渡口在彌陀寺旁，相傳是在康熙54年，諸羅知縣周鍾瑄號召捐款，於渡口編筏濟人。八掌溪(古名八獎溪)是嘉南平原主要河川之一，早期無法搭建長橋，在彌陀寺旁設渡口供舟筏 渡溪，現仍保存有1847年刻製的「八獎溪義渡碑」，此種與環境相匹配的義渡碑，在台灣極為珍貴罕見。八掌溪位於朴子溪以南、 急 水溪以北，流經嘉義縣番路鄉、中埔鄉、水上鄉、太保市、鹿草鄉、義竹鄉、布袋鎮、嘉義市及台南市的北門區、鹽水區、學甲區、後壁區、白河區，最後在嘉義縣的好美村出海，注入台灣海峽。八掌溪在洪水時期的流量達到每秒鐘一千八百立方公尺左右的水量，但是到枯水期時，卻只有每秒鐘 0.4立方公尺的流量，水量的變化可說是非常大。八掌溪在夏、秋洪水氾濫的時期，溪水暴漲，當時住在八掌溪兩,886-5-2294593,,600,嘉義市東區彌陀路1號前,,,,,,,,,https://travel.chiayi.gov.tw/upload/travels/7210753aa192418adeeed164cd02dea5.jpg,八獎溪義渡,,,,,,376600000A,120.470015,23.4626907,,1,,,,2018/12/19 17:26:07
C1_376600000A_000062,王祖母許太夫人墓,尚未有資料,景點建造：道光19年(1839)一品夫人－王祖母許太夫人～王祖母許太夫人係福建水師提督王得祿之兄嫂。墓碑兩旁刻雙龍拱碑石刻，一至四步庭兩端的雕塑分別是麒麟、蒼鷹、瑞獅、吉象，第五步庭外側立有后土墳。&nbsp;墓碑兩旁刻雙龍拱碑石刻，一至四步庭兩端的雕塑分別是麒麟、蒼鷹、瑞獅、吉象，第五步庭外側立有后土墳。墓旁為守墳農家之果園，古意盎然。古人重視慎終追遠及提倡厚葬，以顯孝道，王許氏獲冊封一品夫人之榮銜，並興建五步庭大墓，已久歷一百六十餘年，由於保存完整，乃能成為珍貴之古蹟。台灣古墓採傳統閩南形制，以墓塚為中心，前置墓庭及墓埕。一品夫人王許氏墓在墓碑前兩側有階梯狀的墓手，象徵餘蔭子孫，轉折處並立石柱，柱頭以石刻吉祥動物，深具特色。,景點建造：道光19年(1839)一品夫人－王祖母許太夫人～王祖母許太夫人係福建水師提督王得祿之兄嫂。墓碑兩旁刻雙龍拱碑石刻，一至四步庭兩端的雕塑分別是麒麟、蒼鷹、瑞獅、吉象，第五步庭外側立有后土墳。&nbsp;墓碑兩旁刻雙龍拱碑石刻，一至四步庭兩端的雕塑分別是麒麟、蒼鷹、瑞獅、吉象，第五步庭外側立有后土墳。墓旁為守墳農家之果園，古意盎然。古人重視慎終追遠及提倡厚葬，以顯孝道，王許氏獲冊封一品夫人之榮銜，並興建五步庭大墓，已久歷一百六十餘年，由於保存完整，乃能成為珍貴之古蹟。台灣古墓採傳統閩南形制，以墓塚為中心，前置墓庭及墓埕。一品夫人王許氏墓在墓碑前兩側有階梯狀的墓手，象徵餘蔭子孫，轉折處並立石柱，柱頭以石刻吉祥動物，深具特色。,886-4-22295848,,600,嘉義市盧厝里羌母寮41號,,,,,,,,,https://travel.chiayi.gov.tw/upload/travels/2070ccef388ab39950aba843ecc9b9e3.jpg,王祖母許太夫人墓,,,,,,376600000A,120.496241,23.4836765,,1,,,,2018/12/19 08:32:37
C1_376600000A_000063,嘉義之心願景館,週三到週五10:00~18:00，週六、週日 10:00~20:00，週一、週二休館。遇例假日亦調整為正常開放，隔日休館。,「嘉義之心願景館」暨「嘉義市鐵路高架化社區工作站」，地點在嘉義火車站前東側（原國光客運嘉義站）。願景館的英文名，稱做Vision Station，就是借用了「車站」是可以聚集人群、交換訊息及等候出發的空間意涵。正巧這棟向國光客運租用的建築物，原本是舊台汽客運的車站，設計師在整修老房子的過程中，特別把原汁原味的「旅途愉快」古典彩繪牌樓保留下來。目前願景館首期策展主題「尋找桃城之心」，呈現嘉義車站的前世今生、嘉義歷史沿革介紹、鐵高模擬路線等；運用AR擴增實境，民眾拿著平板電腦觀看3D車站地圖。&nbsp;願景館同時也是嘉義市鐵路高架化社區工作站，展示內容將隨者鐵路高架細部設計的進度不斷更新，提供工程資訊，同時也會舉辦一系列的民眾參與座談、說明會及工作坊。邀請所有市民，一起來「嘉義之心願景館」，了解嘉義車站的前世今生，參與這趟了解城市過去、想像嘉義未來的旅程。,「嘉義之心願景館」暨「嘉義市鐵路高架化社區工作站」，地點在嘉義火車站前東側（原國光客運嘉義站）。願景館的英文名，稱做Vision Station，就是借用了「車站」是可以聚集人群、交換訊息及等候出發的空間意涵。正巧這棟向國光客運租用的建築物，原本是舊台汽客運的車站，設計師在整修老房子的過程中，特別把原汁原味的「旅途愉快」古典彩繪牌樓保留下來。目前願景館首期策展主題「尋找桃城之心」，呈現嘉義車站的前世今生、嘉義歷史沿革介紹、鐵高模擬路線等；運用AR擴增實境，民眾拿著平板電腦觀看3D車站地圖。&nbsp;願景館同時也是嘉義市鐵路高架化社區工作站，展示內容將隨者鐵路高架細部設計的進度不斷更新，提供工程資訊，同時也會舉辦一系列的民眾參與座談、說明會及工作坊。邀請所有市民，一起來「嘉義之心願景館」，了解嘉義車站的前世今生，參與這趟了解城市過去、想像嘉義未來的旅程。,886-5-2254321轉133,,600,嘉義市西區中山路524號,,,,,,,,,https://travel.chiayi.gov.tw/upload/travels/979d4571d1514779d710498dd2e9e9a6.jpg,嘉義之心願景館,,,,,,376600000A,120.442420,23.479366,,1,,,,2018/12/18 20:58:59
C1_376600000A_000064,KANO園區,全天,嘉市KANO園區，106年8月落成，讓大家重新看到嘉義市令人驕傲的棒球史。 像是在家庭教育中心對面的戶外音樂劇場、棒球雕塑區，有銅製的球棒、手套座椅。地面上鑲嵌著石板，仔細一看，原來是電影《KANO》裡的台詞。例如，「沒有退路的木瓜樹，一定會長出肥美的果實」、「想要打好棒球沒有捷徑，只有苦練」。&nbsp;寬40公尺、長180公尺的「棒球世紀大道」，是以前嘉農棒球隊前往球場的必經之路。不管是地面上的石板，或是旁邊的棒球名人牆，都用心呈現嘉農棒球隊的發跡史，介紹當年打入甲子園亞軍的16名球員。&nbsp;當然更不能錯過重達4公噸、直徑5公尺的KANO景觀球，以鋁合金製作，鑲嵌超過120個鏤空圈環，白天陽光閃耀、晚上七彩燈光秀，各有不同風情。想要玩借位拍攝，這裡也很適合！無論是要把球放在手中、或是踢球搞怪，各個方位都可以拍出創意！,嘉市KANO園區，106年8月落成，讓大家重新看到嘉義市令人驕傲的棒球史。 像是在家庭教育中心對面的戶外音樂劇場、棒球雕塑區，有銅製的球棒、手套座椅。地面上鑲嵌著石板，仔細一看，原來是電影《KANO》裡的台詞。例如，「沒有退路的木瓜樹，一定會長出肥美的果實」、「想要打好棒球沒有捷徑，只有苦練」。&nbsp;寬40公尺、長180公尺的「棒球世紀大道」，是以前嘉農棒球隊前往球場的必經之路。不管是地面上的石板，或是旁邊的棒球名人牆，都用心呈現嘉農棒球隊的發跡史，介紹當年打入甲子園亞軍的16名球員。&nbsp;當然更不能錯過重達4公噸、直徑5公尺的KANO景觀球，以鋁合金製作，鑲嵌超過120個鏤空圈環，白天陽光閃耀、晚上七彩燈光秀，各有不同風情。想要玩借位拍攝，這裡也很適合！無論是要把球放在手中、或是踢球搞怪，各個方位都可以拍出創意！,886-5-2246476,,,嘉義市東區嘉義市山仔頂249-1號,,,,,,,,,https://travel.chiayi.gov.tw/upload/travels/c009043da1438799b03975353d5bb5e2.jpg,KANO園區,,,,,,376600000A,120.465739,23.481027,,1,,,,2018/12/19 22:36:36
C1_376600000A_000065,沉睡森林,隨時，晚間點燈至八點,北門驛前、玉山旅社旁的小公園從日治時代就有，插畫家SMART莊信棠以「沉睡森林」為主題，設計白熊、粉紅象、狐狸、貓頭鷹、企鵝、松鼠等一系列Q版動物造型，結合原有的綠樹、防空洞、路燈，散步其間，感受到生氣勃勃又寧靜的森林氛圍。入口的櫻花鐵拱門，呼應北門驛是阿里山入口的意象；鳥籠及貓頭鷹造型裝飾路燈，有星星、月亮及太陽；50年樹齡的老蓮霧樹及懷舊感十足的防空洞，懸掛繽紛的彩色燈，燈光幻影，夜色炫麗迷人。,北門驛前、玉山旅社旁的小公園從日治時代就有，插畫家SMART莊信棠以「沉睡森林」為主題，設計白熊、粉紅象、狐狸、貓頭鷹、企鵝、松鼠等一系列Q版動物造型，結合原有的綠樹、防空洞、路燈，散步其間，感受到生氣勃勃又寧靜的森林氛圍。入口的櫻花鐵拱門，呼應北門驛是阿里山入口的意象；鳥籠及貓頭鷹造型裝飾路燈，有星星、月亮及太陽；50年樹齡的老蓮霧樹及懷舊感十足的防空洞，懸掛繽紛的彩色燈，燈光幻影，夜色炫麗迷人。,886-5-2788225,,,嘉義市東區共和路428 號,,,,,,,,,https://travel.chiayi.gov.tw/upload/travels/3429f05288941c9d668b25a3f797d624.JPG,沉睡森林,,,,,,376600000A,120.454650,23.487166,,1,,,,2018/12/19 22:44:45
C1_376600000A_000066,香湖公園,全天,嘉義市「香湖公園」約有25.26公頃，僅次於嘉義公園，為嘉義市第二大公園，定位為林業文化主題公園。「香湖公園」重現清代文獻記載的諸羅八景－「北湖荷香」，因此園內設有北香湖以及栽種兩千多株灌木、七萬多株喬木等各類植物，搭配周邊的博愛公園與埤子頭植物園，串聯成西區最大的公園綠地，成為嘉義都市之肺。公園內設有松風亭、櫻花林、埤子頭植物園以及草坡景觀區等，供遊客來此遊憩。,嘉義市「香湖公園」約有25.26公頃，僅次於嘉義公園，為嘉義市第二大公園，定位為林業文化主題公園。「香湖公園」重現清代文獻記載的諸羅八景－「北湖荷香」，因此園內設有北香湖以及栽種兩千多株灌木、七萬多株喬木等各類植物，搭配周邊的博愛公園與埤子頭植物園，串聯成西區最大的公園綠地，成為嘉義都市之肺。公園內設有松風亭、櫻花林、埤子頭植物園以及草坡景觀區等，供遊客來此遊憩。,886-5-4321227,,,嘉義市西區文化路552號,,,,,,,,,https://travel.chiayi.gov.tw/upload/travels/aa2344b3c9bc442f58203c226b4aab60.jpg,香湖公園,,,,,,376600000A,120.445023,23.492643,,1,,,,2018/12/19 21:29:49
C1_376600000A_000067,頂庄社區,尚未有資料,嘉義市頂庄里環保生態改造多年有成，將台糖舊鐵道轉型營造成社區自行車道，兩側光蠟樹上處處可見成群的獨角仙，令人驚喜不已！獨角仙復育不容易，頂庄社區透過改善水質、環境、栽種光臘樹道及建置自行車道，營造適宜居住環境，把獨角仙找回來。每年5月中旬，獨角仙都會羽化從土壤中出來，尋找伴侶繁衍子孫，數百隻獨角仙盤踞在光臘樹上，變換各種姿勢，甚至角力互鬥，景象令人驚喜。獨角仙有「鐵甲武士」美稱，「尋找獨角仙的蹤跡」活動，每年從5月中旬到6月底，歡迎民眾攜家帶眷一同前往，讓孩子接觸大自然，也重溫兒時回憶。值得一提的是，嘉義市政府106年舉辦「第一屆金牌農村競賽」，最後由「頂庄社區」拔得頭籌，獲選為金牌農村。◎怎麼去？由台糖舊鐵道轉型營造而成的社區自行車道是開放空間，由義教街頂庄里長辦公處對面的585巷進入，社區自行車道兩側光蠟樹上均可見成群獨角仙，白天、晚上都看得見，歡迎民眾有空到頂庄漫步，免費欣賞獨角仙。,嘉義市頂庄里環保生態改造多年有成，將台糖舊鐵道轉型營造成社區自行車道，兩側光蠟樹上處處可見成群的獨角仙，令人驚喜不已！獨角仙復育不容易，頂庄社區透過改善水質、環境、栽種光臘樹道及建置自行車道，營造適宜居住環境，把獨角仙找回來。每年5月中旬，獨角仙都會羽化從土壤中出來，尋找伴侶繁衍子孫，數百隻獨角仙盤踞在光臘樹上，變換各種姿勢，甚至角力互鬥，景象令人驚喜。獨角仙有「鐵甲武士」美稱，「尋找獨角仙的蹤跡」活動，每年從5月中旬到6月底，歡迎民眾攜家帶眷一同前往，讓孩子接觸大自然，也重溫兒時回憶。值得一提的是，嘉義市政府106年舉辦「第一屆金牌農村競賽」，最後由「頂庄社區」拔得頭籌，獲選為金牌農村。◎怎麼去？由台糖舊鐵道轉型營造而成的社區自行車道是開放空間，由義教街頂庄里長辦公處對面的585巷進入，社區自行車道兩側光蠟樹上均可見成群獨角仙，白天、晚上都看得見，歡迎民眾有空到頂庄漫步，免費欣賞獨角仙。,886-5-2765298,,,嘉義市頂庄里義教街538號,,,,,,,,,https://travel.chiayi.gov.tw/upload/travels/5748a7cb268a6f851d656f4af92bbc5d.jpg,頂庄社區,,,,,,376600000A,120.458053,23.498645,,1,,,,2018/12/19 23:03:44